.08;0.92;-0.06;18.84;-73.71;-24.89;
603684;27.86;31.89;100656.22;28.76;34.53;-0.12;0.99;0.06;-3.83;-26.24;35.08;
603798;27.86;31.90;100653.58;28.98;34.53;0.03;1.03;-0.05;-12.46;-6.76;9.54;
603912;27.86;31.89;100654.83;28.87;34.53;-0.07;0.99;0.04;-15.56;-4.47;-6.44;
604025;27.86;31.89;100655.85;28.79;34.53;-0.08;1.01;0.05;-3.47;-9.18;-3.54;
604138;27.86;31.90;100655.27;29.51;34.53;-0.08;0.97;0.01;-7.28;-2.95;-6.05;
604251;27.86;31.89;100653.85;28.95;34.53;-0.12;1.00;0.01;-16.56;-4.00;3.91;
604363;27.86;31.90;100655.78;28.79;34.53;-0.07;0.99;0.04;-24.23;-9.22;2.00;
604476;27.86;31.90;100657.81;28.62;34.53;-0.06;0.99;0.09;-15.51;-4.98;-5.59;
604590;27.86;31.89;100657.24;28.67;34.53;-0.13;1.00;0.08;-0.20;-1.79;-5.94;
604702;27.86;31.89;100655.71;28.80;34.53;-0.12;1.00;0.03;-15.82;-0.03;0.61;
604815;27.86;31.89;100654.69;28.88;34.53;-0.09;0.99;0.14;-10.09;-2.98;-1.42;
604930;27.86;31.89;100653.85;28.95;34.53;-0.11;0.98;0.08;-2.44;-1.68;-5.13;
605042;27.86;31.89;100655.53;28.81;34.53;-0.13;1.00;0.07;-18.90;-3.85;6.69;
605155;27.86;31.89;100655.71;28.80;34.53;-0.11;0.98;0.14;-6.84;-5.02;13.60;
605267;39.59;31.89;100654.19;28.92;34.53;-0.06;1.01;0.07;0.23;-3.83;3.86;
605379;27.86;31.86;100650.22;29.26;34.53;-0.12;0.99;0.06;-6.99;1.11;-5.59;
605491;27.86;31.89;100654.86;28.87;34.53;-0.10;0.98;0.10;-6.37;-3.40;10.00;
605603;27.86;31.89;100651.61;29.14;34.53;-0.08;1.01;0.07;-2.63;-3.24;3.86;
605715;27.86;31.88;100652.60;29.16;34.53;-0.11;1.00;0.08;-9.73;-2.44;-0.96;
605828;39.10;31.90;100653.24;29.00;34.53;-0.11;0.99;0.09;-6.24;-5.34;7.24;
605939;27.86;31.90;100654.25;28.92;34.53;-0.08;1.02;0.08;-5.48;-4.56;6.17;
606051;27.86;31.83;100642.57;29.90;34.53;-0.09;0.99;0.08;-9.92;-3.10;-0.72;
606163;27.86;31.90;100653.41;28.99;34.53;-0.10;0.99;0.08;-5.88;-5.18;1.82;
606275;27.86;31.91;100656.35;28.74;34.53;-0.08;1.00;0.09;-2.08;-3.60;5.33;
606388;39.10;31.90;100656.08;28.77;34.53;-0.08;0.99;0.06;-6.08;-2.79;3.24;
606499;27.86;31.90;100656.42;28.74;34.53;-0.10;0.99;0.10;-3.63;-5.36;5.33;
606611;27.86;31.91;100655.85;28.74;34.53;-0.08;1.00;0.07;-3.40;-1.88;4.37;
606723;27.86;31.86;100649.55;29.31;34.53;-0.07;0.99;0.08;-8.17;1.30;0.81;
606834;27.86;31.90;100656.96;28.69;34.53;-0.11;0.96;0.09;-10.43;-5.33;1.54;
606947;37.64;31.91;100653.47;28.99;34.53;-0.06;1.00;0.06;-0.23;1.53;9.83;
607058;27.86;31.90;100651.67;29.14;34.53;-0.07;1.00;0.12;-2.52;-2.72;6.41;
607170;27.86;31.90;100652.39;29.08;34.53;-0.09;0.99;0.07;-6.75;-5.60;0.27;
607282;27.86;31.90;100654.05;28.94;34.53;-0.07;1.00;0.08;1.47;-6.92;10.90;
607393;27.86;31.90;100656.11;28.76;34.53;-0.05;1.02;0.08;1.07;-3.89;12.00;
607505;27.86;31.90;100653.41;28.81;34.53;-0.04;1.01;0.04;-5.36;-5.71;5.11;
607617;27.86;31.90;100653.24;29.00;34.53;-0.03;0.99;0.05;-11.73;-9.24;-1.31;
607730;27.86;31.91;100656.69;28.72;34.53;-0.05;0.99;0.07;-1.48;-2.79;-5.15;
607843;27.86;31.91;100656.02;28.77;34.53;-0.07;0.99;0.05;-9.62;-1.57;6.43;
607954;27.86;31.88;100649.21;29.34;34.53;-0.06;1.00;0.09;-10.44;-5.39;2.12;
608067;39.10;31.91;100654.49;28.90;34.53;-0.04;0.98;0.07;10.55;1.21;9.15;
608179;27.86;31.90;100651.17;29.18;34.53;-0.04;1.02;0.02;-0.23;-4.38;-1.16;
608291;27.86;31.88;100649.38;29.33;34.53;-0.07;1.00;0.05;-12.09;-2.34;-1.89;
608406;27.86;31.90;100656.75;28.71;34.53;-0.06;0.99;0.06;-5.77;-2.24;3.86;
608518;27.86;31.90;100651.54;29.15;34.53;-0.04;1.00;0.06;-4.06;-4.53;1.19;
608629;27.86;31.84;100644.39;29.75;34.53;-0.06;1.01;0.04;-12.11;-2.70;-6.38;
608743;27.86;31.91;100655.78;28.79;34.53;-0.07;0.99;0.07;-7.36;-2.66;-0.09;
608856;27.86;31.91;100652.11;29.10;34.53;-0.08;0.99;0.08;3.71;-4.72;7.18;
608967;37.64;31.91;100653.07;29.02;34.53;-0.06;1.00;0.03;-5.22;-3.76;1.95;
609079;27.86;31.92;100651.50;29.15;34.53;-0.06;1.00;0.06;-14.89;-4.75;0.20;
609191;27.86;31.92;100651.85;29.24;34.53;-0.05;0.99;0.07;-6.96;-4.79;5.51;
609303;27.86;31.87;100645.25;29.68;34.53;-0.04;0.99;0.05;-2.26;-2.34;3.40;
609415;27.86;31.91;100650.19;29.26;34.53;-0.07;1.00;0.05;-5.63;-2.12;5.24;
609526;27.37;31.92;100651.00;29.19;34.53;-0.05;1.01;0.06;-14.15;-0.46;2.53;
609639;27.86;31.91;100648.22;29.42;34.53;-0.05;1.00;0.08;-9.89;-2.70;-1.53;
609752;27.86;31.92;100650.66;29.22;34.53;-0.06;0.98;0.06;-5.36;-1.69;-0.81;
609865;27.86;31.92;100652.35;29.08;34.53;-0.06;1.02;0.08;-6.64;-1.37;5.16;
609977;27.86;31.91;100650.42;29.24;34.53;-0.05;1.00;0.08;-6.49;-4.15;2.11;
610088;39.10;31.92;100648.80;29.38;34.53;-0.07;1.00;0.06;-6.75;-4.24;-1.88;
610201;27.86;31.91;100654.76;28.88;34.53;-0.06;1.00;0.05;-8.52;-1.77;-0.67;
610314;27.86;31.91;100650.25;29.26;34.53;-0.09;0.98;0.08;-11.54;-7.21;-6.84;
610427;38.61;31.92;100650.32;29.25;34.53;-0.08;1.03;0.06;-2.23;0.82;-4.27;
610539;27.86;31.89;100649.24;29.34;34.53;-0.08;0.99;0.07;-12.02;-6.98;2.92;
610652;27.86;31.92;100648.73;29.38;34.53;-0.09;0.98;0.10;-0.52;-15.45;3.95;
610764;27.86;31.92;100647.61;29.48;34.53;-0.03;1.00;0.08;2.14;-21.31;11.59;
610878;27.86;31.91;100649.92;29.28;34.53;0.02;1.02;-0.01;-9.66;-0.50;-1.73;
610991;27.86;31.92;100650.93;29.20;34.53;-0.07;0.98;0.09;-2.44;-14.69;0.99;
611103;27.86;31.92;100645.24;29.68;34.53;-0.04;0.99;0.05;-1.21;-0.09;4.93;
611215;27.86;31.86;100642.16;29.93;34.53;-0.07;1.01;0.06;-25.51;-3.98;-9.39;
611329;39.10;31.92;100650.76;29.21;34.53;-0.10;0.98;0.13;-6.90;7.56;1.76;
611440;27.86;31.93;100649.71;29.30;34.53;-0.04;1.00;-0.01;-13.51;-4.76;9.92;
611554;27.86;31.93;100648.53;29.40;34.53;-0.06;1.01;0.11;-32.21;-8.98;4.08;
611666;28.35;31.93;100654.56;28.90;34.53;-0.04;0.97;0.13;-2.43;-5.76;5.53;
611778;27.86;31.93;100652.76;29.05;34.53;-0.05;1.01;0.04;7.25;-0.90;-11.71;
611891;27.86;31.89;100644.53;29.73;34.53;-0.12;0.98;0.10;-13.63;-12.53;1.16;
612004;27.86;31.93;100653.78;28.96;34.53;-0.04;1.02;0.13;0.52;-2.06;13.63;
612116;27.86;31.93;100656.14;28.76;34.53;-0.04;1.03;0.09;-9.18;-4.03;-1.47;
612230;46.43;31.92;100654.83;28.87;34.53;-0.07;1.01;0.09;-11.08;8.05;-1.33;
612342;27.86;31.93;100655.98;28.77;34.53;-0.08;0.98;0.15;-13.47;14.40;1.10;
612455;27.86;31.92;100655.03;28.86;34.53;-0.07;1.03;0.12;-16.82;-3.69;-13.02;
612570;29.33;31.92;100647.95;29.45;34.53;-0.10;0.93;0.14;-5.19;-0.61;-16.98;
612683;27.86;31.93;100653.37;28.99;34.53;-0.12;0.99;0.11;8.78;-2.12;10.55;
612795;27.86;31.93;100652.60;29.06;34.53;-0.07;1.03;0.06;-14.21;-4.23;5.13;
612908;38.12;31.93;100653.37;28.99;34.53;-0.09;0.97;0.16;-20.79;-4.38;-11.02;
613022;27.86;31.94;100654.18;28.92;34.53;-0.12;0.98;0.14;9.30;-1.63;5.45;
613134;28.35;31.87;100640.63;29.36;34.53;-0.08;1.01;0.06;-0.21;-2.49;5.69;
613245;27.86;31.92;100648.80;29.38;34.53;-0.09;1.00;0.13;-20.26;-9.07;-23.05;
613360;28.35;31.93;100651.92;29.12;34.53;-0.18;0.95;0.13;-8.11;-4.87;-13.16;
613475;28.35;31.93;100652.52;29.07;34.53;-0.12;0.99;0.13;-3.76;-8.17;10.49;
613587;27.86;31.94;100651.64;29.14;34.53;-0.21;0.97;0.18;-8.95;-60.75;4.38;
613700;28.35;31.93;100655.81;28.79;34.53;-0.10;0.99;0.14;17.62;-51.05;-4.29;
613814;28.35;31.89;100641.65;29.91;34.53;-0.10;1.06;0.11;-5.18;-77.76;-0.53;
613927;15.64;31.94;100650.96;29.20;34.53;-0.15;0.95;0.15;-12.89;-2.37;8.43;
614040;27.86;31.94;100656.32;28.75;34.53;-0.00;0.97;0.18;9.62;-13.04;7.98;
614152;27.86;31.91;100646.02;29.61;34.53;-0.04;1.02;0.14;-10.11;-6.18;-10.05;
614266;28.35;31.94;100650.80;29.21;34.53;-0.12;1.00;0.13;-49.40;-12.49;-14.00;
614383;27.86;31.94;100652.08;29.10;34.53;-0.13;0.94;0.31;-30.69;-11.24;8.24;
614497;28.35;31.93;100652.93;28.82;34.53;-0.01;0.89;0.17;22.60;32.70;38.17;
614609;39.10;31.94;100651.07;29.19;34.53;-0.10;0.99;0.08;27.59;9.79;31.45;
614721;27.86;31.95;100655.10;28.85;34.53;-0.06;1.12;0.10;14.18;-10.02;52.73;
614835;28.35;31.87;100641.82;29.96;34.53;0.04;1.13;0.09;30.21;1.57;1.21;
614946;27.86;31.95;100652.49;29.07;34.53;0.00;1.05;0.05;24.99;12.85;-25.28;
615059;28.35;31.95;100652.39;29.08;34.53;-0.05;0.99;-0.02;-11.01;3.82;-28.12;
615174;28.35;31.95;100652.05;29.10;34.53;-0.10;0.98;0.02;-44.55;2.90;-16.15;
615287;27.86;31.95;100653.00;29.03;34.53;-0.12;1.02;0.08;-34.14;-3.22;9.71;
615400;28.35;31.95;100649.50;29.32;34.53;-0.08;1.01;0.07;-10.43;-41.10;11.28;
615515;28.35;31.91;100643.58;29.81;34.53;-0.02;0.93;0.12;-13.63;-43.36;5.24;
615629;39.10;31.95;100649.61;29.31;35.53;-0.03;0.97;0.17;-30.61;-17.05;11.25;
615744;27.86;31.96;100651.07;29.19;35.53;-0.00;0.95;0.20;-19.18;-2.20;2.75;
615857;28.35;31.95;100652.05;29.10;34.53;-0.03;0.99;0.16;16.26;-9.05;-11.82;
615970;28.35;31.95;100652.83;29.04;34.53;-0.06;0.98;0.15;-17.86;-11.19;-3.18;
616085;27.86;31.94;100651.30;29.17;34.53;-0.06;0.94;0.22;-19.98;-14.05;8.98;
616199;27.86;31.96;100650.05;29.27;35.53;-0.02;0.96;0.20;12.08;-20.46;4.50;
616311;28.35;31.94;100647.85;29.46;34.53;-0.03;0.99;0.18;-1.34;-21.36;-6.70;
616425;28.35;31.95;100646.96;29.53;34.53;-0.05;0.95;0.16;-9.88;-11.24;4.73;
616539;27.86;31.95;100652.56;29.28;35.53;-0.03;0.98;0.18;-6.82;-3.73;8.52;
616650;39.59;31.95;100649.44;29.32;34.53;-0.08;1.07;0.14;10.66;-10.70;-6.35;
616764;27.86;31.95;100650.35;29.25;34.53;-0.05;0.95;0.14;-6.44;-5.94;-7.36;
616877;28.35;31.94;100648.60;29.39;34.53;-0.14;1.09;0.15;-21.16;-3.27;36.84;
616990;38.61;31.95;100651.03;29.19;34.53;0.04;1.02;0.15;-3.57;-7.82;37.15;
617102;28.35;31.94;100647.58;29.48;34.53;0.07;0.95;0.13;-7.54;-32.58;-20.27;
617216;28.35;31.95;100649.44;29.32;34.53;0.02;0.92;0.11;1.02;-6.02;-0.55;
617327;28.35;31.95;100651.98;29.25;34.53;-0.02;1.01;0.06;-2.90;-1.76;30.64;
617440;28.35;31.96;100653.61;28.98;34.53;0.06;0.99;0.09;-15.30;-2.84;56.53;
617552;28.35;31.95;100648.83;29.37;34.53;0.13;1.04;0.20;-23.34;-0.02;-19.65;
617666;28.35;31.95;100649.78;29.29;34.53;-0.11;0.96;0.15;-11.66;-1.62;4.50;
617779;28.35;31.92;100646.70;29.55;34.53;0.05;1.01;0.20;-60.76;-16.21;35.18;
617893;28.35;31.95;100649.44;29.32;34.53;0.16;0.97;0.29;5.92;-3.44;3.59;
618004;28.35;31.95;100648.93;29.37;35.53;0.11;1.00;0.22;29.77;2.14;0.70;
618116;28.35;31.95;100651.54;29.35;34.53;0.11;1.05;0.14;21.79;9.62;10.02;
618227;28.35;31.97;100652.49;29.07;35.53;0.09;1.03;0.08;-16.58;17.57;-0.78;
618340;28.35;31.96;100650.05;29.27;34.53;0.12;0.99;0.17;-22.78;-2.72;-23.37;
618454;28.35;31.88;100639.17;30.18;34.53;0.06;0.96;0.17;-9.01;-5.31;-7.30;
618565;28.35;31.95;100649.78;29.29;35.53;0.09;1.01;0.19;-4.31;-3.73;1.54;
618677;28.35;31.97;100651.30;29.17;34.53;0.05;0.97;0.19;-3.92;-14.43;-0.99;
618789;39.59;31.96;100650.89;29.20;35.53;0.07;0.94;0.13;-0.75;-5.68;-2.12;
618901;27.86;31.95;100648.60;29.39;34.53;0.08;1.00;0.18;-6.29;-9.02;-0.55;
619014;28.35;31.96;100653.24;29.12;35.53;0.12;0.93;0.11;-14.79;16.55;-6.79;
619126;27.86;31.93;100644.97;29.70;35.53;0.13;1.03;0.22;22.79;-6.50;-6.92;
619238;27.86;31.97;100651.64;29.14;35.53;0.09;1.22;0.02;-14.44;-24.02;-31.95;
619353;28.35;31.96;100651.03;29.19;34.53;0.03;0.89;0.12;-6.89;43.22;-19.40;
619465;28.35;31.97;100649.78;29.29;35.53;-0.07;1.00;0.11;-9.59;21.05;49.68;
619578;28.35;31.95;100647.41;29.49;35.53;0.04;1.03;0.18;-24.11;19.22;4.41;
619689;39.10;31.95;100647.64;29.47;34.53;-0.00;1.05;0.17;25.01;6.17;-26.70;
619802;28.35;31.97;100647.75;29.42;34.53;-0.07;0.90;0.11;-22.87;6.46;-22.99;
619916;28.35;31.96;100648.15;29.43;34.53;-0.04;0.98;0.13;-5.42;23.83;52.69;
620029;37.64;31.96;100644.97;29.70;34.53;0.02;0.93;0.17;-20.60;-10.06;6.46;
620142;27.86;31.97;100648.93;29.37;35.53;-0.06;0.97;0.20;6.21;-2.60;16.08;
620254;28.35;31.97;100647.71;29.47;34.53;0.01;1.02;0.15;-1.28;-20.79;24.87;
620366;28.35;31.91;100638.39;30.25;34.53;0.06;1.02;0.16;-18.61;-22.55;5.40;
620479;28.35;31.97;100648.60;29.39;34.53;0.03;1.03;0.19;-5.60;-22.24;-7.89;
620592;28.35;31.97;100649.57;29.38;35.53;0.10;0.96;0.35;-1.45;-8.79;-11.59;
620704;28.35;31.97;100647.41;29.49;35.53;-0.07;0.99;0.14;-1.97;11.53;-43.97;
620818;28.35;31.97;100647.21;29.51;34.53;-0.03;0.98;0.19;-8.99;-3.11;13.59;
620931;32.75;31.97;100649.61;29.31;34.53;0.02;0.98;0.15;-22.03;-18.09;2.82;
621044;28.35;31.93;100639.03;30.20;34.53;0.01;1.06;0.18;-27.97;9.15;-1.86;
621156;28.35;31.98;100648.15;29.43;35.53;-0.04;0.94;0.21;2.29;0.35;4.27;
621266;27.86;31.98;100646.46;29.57;35.53;-0.01;1.08;0.20;-20.44;-9.05;3.73;
621380;28.35;31.98;100648.49;29.96;35.53;0.02;0.94;0.29;-5.89;-61.37;-4.08;
621493;28.35;31.99;100654.14;28.93;34.53;0.03;0.96;0.15;-16.72;-5.73;-20.35;
621606;28.35;31.98;100652.22;29.09;34.53;-0.04;0.95;0.26;-1.08;10.32;-13.25;
621720;28.35;31.98;100651.67;29.14;34.53;-0.03;0.98;0.18;4.35;1.47;12.29;
621832;28.35;31.98;100648.15;29.43;34.53;-0.02;1.02;0.20;-7.85;-4.02;7.19;
621943;28.35;31.98;100651.17;29.18;35.53;-0.02;0.98;0.22;-8.02;0.12;3.48;
622055;28.35;31.98;100649.17;29.35;35.53;0.04;0.99;0.19;5.21;10.73;-1.62;
622166;28.35;31.98;100650.52;29.23;35.53;-0.05;0.97;0.16;9.11;25.74;-21.79;
622279;28.35;32.00;100651.00;29.19;35.53;-0.10;1.04;0.08;77.44;191.98;37.33;
622393;28.35;31.98;100646.96;29.53;35.53;0.05;0.96;0.01;33.04;120.12;128.18;
622507;28.35;31.98;100650.66;29.22;34.53;0.36;1.03;0.20;-70.09;124.37;32.56;
622620;28.35;31.99;100648.72;29.38;35.53;0.16;0.95;0.13;-11.24;201.22;-7.16;
622734;28.35;31.98;100648.49;29.40;35.53;0.96;0.98;-0.09;15.11;285.50;-39.80;
622849;28.35;31.98;100651.37;29.36;34.53;-0.22;1.06;0.01;-17.82;91.76;-61.53;
622963;28.35;32.00;100647.78;29.46;34.53;-0.28;1.06;0.63;-71.77;49.30;-36.69;
623078;28.35;31.99;100651.95;29.11;34.53;-0.05;1.01;0.16;19.59;103.91;28.14;
623193;28.35;31.99;100651.91;29.12;34.53;-0.04;1.00;0.07;-9.48;77.65;-14.73;
623306;28.35;31.95;100643.58;29.81;34.53;-0.25;0.94;0.24;75.21;92.61;29.22;
623419;28.35;31.99;100650.75;29.21;34.53;0.07;1.07;-0.10;45.42;126.18;56.29;
623533;28.35;31.99;100653.30;29.00;35.53;0.06;1.10;-0.16;-16.18;-66.43;7.88;
623646;27.86;31.99;100651.77;29.13;34.53;-0.10;0.97;0.20;-88.63;33.08;-6.69;
623760;28.35;31.99;100648.05;29.44;34.53;0.08;0.94;0.18;-0.50;23.01;12.55;
623872;28.35;32.00;100653.20;29.01;34.53;0.04;1.02;0.01;7.83;-13.30;-55.22;
623984;28.35;31.92;100639.41;30.16;34.53;-0.04;1.01;-0.03;-22.17;21.85;20.60;
624100;28.35;31.99;100650.42;29.24;35.53;0.01;0.97;0.12;-44.55;26.18;43.88;
624212;28.35;31.99;100647.54;29.35;34.53;0.05;1.00;0.14;1.15;3.27;0.20;
624323;28.35;31.99;100648.72;29.38;35.53;-0.01;1.00;0.09;9.88;-4.63;-21.42;
624437;28.35;32.00;100649.47;29.32;34.53;-0.02;1.01;0.06;-3.01;0.21;3.79;
624547;28.35;31.99;100650.72;29.22;34.53;-0.04;0.99;0.07;-15.15;4.46;9.89;
624659;28.35;31.96;100648.83;29.37;34.53;0.02;1.01;0.05;-15.40;-0.24;4.55;
624771;40.08;32.00;100652.86;29.04;35.53;0.02;0.98;0.08;-21.44;-19.95;-14.84;
624886;28.35;32.00;100652.18;29.09;34.53;-0.05;0.97;0.12;18.78;4.18;-0.09;
624998;28.35;32.00;100650.49;29.24;35.53;-0.04;1.02;0.05;13.56;-12.95;-4.82;
625112;40.08;32.00;100649.64;29.31;35.53;-0.02;1.03;0.02;-16.87;-6.53;3.48;
625224;28.35;32.01;100650.05;29.27;35.53;-0.03;1.01;0.09;-14.12;-0.52;14.70;
625338;28.35;32.01;100652.08;29.10;35.53;-0.01;1.01;0.09;1.02;-8.38;-4.23;
625449;15.64;32.00;100653.03;29.02;34.53;-0.06;1.03;0.08;-2.75;-18.26;-7.08;
625563;28.35;32.00;100652.52;29.07;34.53;-0.01;0.93;0.08;-38.00;-4.56;13.42;
625677;28.35;32.00;100650.42;29.24;34.53;-0.02;0.97;0.14;-11.24;1.15;22.64;
625790;37.15;32.01;100649.03;29.56;35.53;0.05;1.01;0.14;33.11;-3.21;1.36;
625901;28.35;32.00;100647.27;29.51;34.53;0.02;1.04;-0.04;34.85;-50.38;-42.98;
626017;28.35;31.98;100647.30;29.50;35.53;-0.03;1.04;-0.03;-20.56;-46.66;-28.53;
626134;28.35;32.00;100652.11;29.10;34.53;-0.09;0.94;0.12;-21.98;-18.00;10.20;
626248;28.35;31.99;100648.69;29.39;35.53;-0.07;1.01;0.12;4.11;23.53;-2.06;
626360;28.35;31.99;100647.54;29.48;34.53;-0.11;0.94;0.04;-12.31;-0.64;-26.63;
626475;28.35;32.01;100651.91;29.12;34.53;-0.13;0.94;0.09;-5.51;10.29;8.66;
626586;28.35;32.00;100648.46;29.41;34.53;-0.13;1.05;0.43;-19.63;174.90;68.64;
626701;28.35;32.00;100650.08;29.27;34.53;-0.02;1.11;-0.03;1.08;120.73;-49.77;
626816;28.35;32.00;100648.72;29.38;34.53;-0.14;0.91;-0.20;-17.80;8.08;27.21;
626930;28.35;31.98;100645.95;29.61;34.53;0.06;0.99;0.09;7.92;8.06;9.63;
627041;28.35;32.00;100649.13;29.35;34.53;-0.21;0.92;-0.08;42.84;3.74;0.98;
627152;28.35;32.00;100649.64;29.31;34.53;0.02;1.06;-0.08;-2.93;-17.80;51.86;
627267;28.35;32.00;100651.60;29.14;34.53;-0.00;1.03;0.03;-4.46;-23.56;12.40;
627381;28.35;32.00;100651.60;29.14;34.53;0.02;1.02;-0.01;1.44;-22.02;8.96;
627492;38.61;32.01;100650.21;29.26;34.53;0.04;0.99;-0.04;-7.16;6.56;-11.92;
627605;28.35;31.95;100642.74;29.88;35.53;-0.02;0.94;-0.10;13.91;-0.32;3.62;
627718;28.35;32.00;100649.30;29.33;34.53;-0.03;0.96;-0.06;40.03;-42.12;49.44;
627832;28.35;32.01;100648.86;29.14;35.53;0.13;1.20;-0.06;-7.10;-22.79;11.19;
627946;28.35;32.01;100652.42;29.07;34.53;-0.02;1.02;-0.07;-15.82;7.08;-5.62;
628060;28.35;32.00;100648.11;29.43;35.53;-0.00;0.94;-0.07;-1.30;-16.37;-7.89;
628175;28.35;32.01;100650.38;29.24;34.53;-0.09;1.02;-0.02;-12.18;15.60;14.82;
628290;28.35;31.99;100646.02;29.61;34.53;0.02;1.05;-0.09;-23.85;-13.57;-29.18;
628406;28.35;32.01;100650.66;29.03;35.53;-0.05;0.97;0.06;-54.46;68.73;38.56;
628519;28.35;32.01;100648.35;29.41;35.53;0.03;1.02;0.00;-25.79;53.08;-42.21;
628633;28.35;31.96;100643.44;29.83;35.53;-0.05;1.08;-0.02;-0.17;64.98;-17.27;
628748;28.35;32.02;100650.11;29.27;34.53;-0.03;1.02;-0.01;-9.19;76.55;1.53;
628860;28.35;32.01;100648.28;29.42;35.53;0.06;1.08;-0.14;-15.68;-71.50;3.27;
628974;28.35;32.02;100650.79;29.21;35.53;-0.12;0.95;0.19;-24.81;110.82;-25.92;
629091;23.46;32.01;100651.33;29.17;35.53;-0.04;0.83;0.12;1.11;103.65;40.70;
629203;28.35;32.01;100648.52;29.40;34.53;-0.03;1.04;-0.16;-11.31;81.40;15.37;
629318;28.35;31.96;100642.42;29.91;34.53;-0.00;0.97;0.03;-22.66;91.07;1.74;
629431;38.61;32.01;100650.72;29.22;35.53;0.01;1.06;0.08;1.24;103.60;-17.31;
629543;28.35;32.01;100650.05;29.27;35.53;-0.10;1.02;0.12;-40.08;50.93;-22.49;
629658;28.35;32.02;100650.28;29.25;35.53;-0.11;1.07;0.04;-13.59;58.56;-16.20;
629773;28.35;32.02;100648.42;29.41;35.53;-0.11;0.94;0.12;-5.79;4.76;59.47;
629884;28.35;32.01;100648.96;29.36;35.53;0.08;1.04;-0.02;13.68;60.98;33.94;
629998;28.35;32.01;100648.52;29.40;35.53;0.11;0.90;-0.06;4.55;9.82;-20.50;
630110;28.35;32.01;100648.69;29.39;34.53;-0.02;0.61;0.03;-81.95;16.87;20.44;
630223;28.35;32.01;100652.52;29.07;34.53;0.02;0.82;0.13;-38.18;25.08;55.76;
630336;28.35;32.01;100651.50;29.15;35.53;0.07;1.75;0.06;-63.37;-14.87;29.16;
630450;28.35;32.01;100651.17;28.94;35.53;0.12;2.30;0.30;23.66;-41.88;-25.51;
630563;28.35;32.01;100651.40;29.16;34.53;-0.56;2.19;0.40;36.34;-66.72;-146.84;
630679;28.35;32.01;100643.38;29.83;35.53;0.01;0.02;0.08;1.76;-477.07;-121.54;
630794;32.75;31.95;100637.07;30.36;34.53;0.07;0.02;0.03;-45.63;-461.65;-103.19;
630912;28.35;32.00;100645.57;29.65;34.53;0.02;-0.00;0.01;-80.78;-463.80;-67.71;
631028;28.35;31.92;100633.05;30.70;35.53;0.31;-0.07;-0.32;-160.15;328.27;83.27;
631145;28.35;32.00;100646.92;29.53;34.53;-0.01;-0.01;-0.02;-5.74;-29.89;-168.29;
631263;28.35;32.00;100650.59;29.23;35.53;0.29;-1.38;0.63;23.39;4.18;-177.02;
631377;28.35;32.01;100656.32;28.75;35.53;-0.07;0.08;0.18;83.08;92.27;-213.39;
631492;28.35;32.01;100669.86;27.61;35.53;-0.11;-0.19;-0.46;500.26;272.06;-262.82;
631611;27.86;32.02;100683.42;26.48;34.53;0.04;0.10;-0.15;500.26;500.26;98.69;
631726;27.86;32.02;100675.80;27.12;35.53;-0.08;0.05;-0.18;233.85;384.23;-97.01;
631842;27.86;32.03;100680.67;26.71;35.53;-0.54;-0.03;-0.79;-219.68;-500.27;129.51;
631963;27.86;32.03;100712.87;24.01;35.53;0.18;-0.18;-0.02;349.08;-500.27;500.26;
632081;27.86;32.02;100698.84;25.19;34.53;3.09;8.00;-2.91;332.72;-353.88;-228.02;
632199;27.86;32.02;100725.10;22.99;35.53;-1.04;-0.72;1.15;-500.27;500.26;500.26;
632316;27.86;32.03;100720.15;23.40;35.53;0.41;0.47;-0.55;500.26;500.26;500.26;
632432;27.86;32.03;100720.66;23.36;34.53;1.14;1.56;-2.17;-331.82;500.26;500.26;
632550;27.86;32.03;100718.80;23.52;35.53;1.75;-0.25;1.01;-167.54;500.26;500.26;
632667;27.86;32.03;100716.60;23.70;35.53;0.56;0.34;-0.53;-198.53;500.26;500.26;
632783;27.86;32.03;100718.46;23.55;35.53;-1.03;0.29;0.65;-303.91;500.26;-110.58;
632901;27.86;32.04;100723.61;23.11;34.53;-1.08;-0.61;-0.17;122.92;-173.25;38.02;
633019;27.86;32.03;100721.35;23.30;35.53;-0.64;-0.22;0.48;392.00;-500.27;65.98;
633136;27.86;32.03;100721.27;23.31;35.53;-0.11;-0.31;1.03;114.26;-178.69;-136.40;
633255;27.86;32.03;100720.15;23.40;35.53;-0.15;-0.02;1.36;4.79;-101.83;-64.21;
633371;27.86;32.05;100722.97;23.16;35.53;-0.02;-0.11;0.92;2.87;-45.21;-52.35;
633486;27.86;32.04;100716.83;23.68;35.53;0.04;-0.12;0.94;-19.53;-157.40;-32.76;
633603;27.86;32.04;100719.55;23.30;34.53;0.03;-0.07;1.04;-32.75;-91.04;-42.56;
633718;27.86;32.04;100719.03;23.50;35.53;0.35;-0.07;1.12;-41.66;-263.53;-52.81;
633836;27.86;32.05;100721.96;23.25;35.53;0.24;-0.14;0.99;-33.54;-79.83;-12.06;
633952;27.86;32.05;100721.27;23.31;34.53;0.25;-0.23;0.91;-20.56;220.93;25.56;
634066;27.86;32.05;100721.78;23.27;35.53;-0.17;-0.17;1.07;-64.43;500.26;118.84;
634183;27.86;32.05;100720.94;23.34;35.53;-0.42;-0.20;0.96;-84.70;168.75;80.41;
634299;27.86;32.05;100722.25;23.23;34.53;-0.42;-0.22;1.02;-8.55;-31.40;-12.02;
634415;27.86;32.05;100722.12;23.24;34.53;-0.24;-0.32;1.13;-32.73;-105.25;25.59;
634532;27.86;32.05;100725.00;23.00;34.53;0.03;-0.29;0.92;-16.63;15.33;16.09;
634646;27.86;32.05;100727.72;22.77;35.53;-0.52;-0.30;0.93;-29.22;288.11;137.66;
634763;27.86;32.04;100725.64;22.94;34.53;-0.88;-0.27;0.57;-157.59;233.86;94.46;
634880;27.86;32.04;100723.78;23.10;35.53;-1.03;-0.16;0.77;83.77;24.21;30.50;
634993;27.86;32.05;100728.53;22.70;35.53;-0.63;-0.04;0.83;23.74;-88.56;24.60;
635108;27.86;32.05;100729.75;22.61;35.53;-0.76;-0.08;0.57;3.27;101.51;31.22;
635223;27.86;32.05;100728.02;22.74;35.53;-0.90;-0.12;0.45;-37.44;116.34;57.76;
635338;27.86;32.06;100728.12;22.73;34.53;-0.70;-0.17;0.57;-44.64;-114.05;10.66;
635455;27.86;32.05;100725.85;22.92;34.53;-0.69;-0.27;0.70;-23.07;-22.35;-21.05;
635572;27.86;32.06;100729.99;22.58;34.53;-0.76;-0.14;0.75;-0.58;-32.37;-42.87;
635687;27.86;32.05;100724.97;23.00;35.53;-0.90;-0.42;0.96;-72.11;-303.62;-62.76;
635805;27.86;32.06;100729.27;22.64;35.53;-0.42;-0.25;0.78;-36.18;-64.79;5.51;
635921;27.86;32.05;100724.33;23.05;35.53;-0.41;-0.23;0.85;-16.98;181.48;27.94;
636037;27.86;32.07;100730.77;22.51;34.53;-0.68;-0.31;0.49;42.81;344.70;32.56;
636151;27.86;32.06;100729.44;22.62;35.53;-0.91;-0.33;0.43;28.35;108.47;26.72;
636266;27.86;32.06;100723.21;23.15;35.53;-0.86;-0.33;0.45;-1.51;7.04;6.43;
636378;27.86;32.06;100723.89;23.09;34.53;-0.82;-0.27;0.39;30.29;-19.36;4.44;
636491;27.86;32.07;100729.75;22.60;35.53;-0.89;-0.17;0.53;7.34;0.93;-6.14;
636603;27.86;32.06;100726.60;22.86;35.53;-0.83;-0.24;0.39;17.98;26.79;5.94;
636717;27.86;32.06;100727.41;22.79;35.53;-0.93;-0.22;0.42;6.95;0.61;30.70;
636828;27.86;32.06;100727.41;22.79;35.53;-0.94;-0.18;0.41;-83.37;-111.91;121.01;
636946;27.86;32.07;100726.69;22.86;35.53;-0.88;-0.17;0.40;-32.26;-160.44;104.52;
637064;27.86;32.06;100727.44;22.79;35.53;-0.73;0.03;0.71;55.10;-12.87;-39.16;
637178;27.86;32.07;100723.82;23.10;35.53;-0.75;0.04;0.71;-14.41;-10.78;1.44;
637292;27.86;32.06;100726.60;22.86;34.53;-0.79;-0.03;0.61;-23.50;6.61;1.95;
637406;27.86;32.07;100725.17;22.98;35.53;-0.79;-0.06;0.59;-13.56;47.18;-5.21;
637520;27.86;32.06;100725.58;22.95;35.53;-0.74;-0.04;0.52;-37.79;45.42;5.48;
637634;27.86;32.08;100727.78;22.76;35.53;-0.89;0.16;0.43;-152.46;115.51;83.89;
637750;27.86;32.07;100729.75;22.60;34.53;-1.06;0.03;0.33;-4.67;90.09;79.47;
637862;27.86;32.08;100730.83;22.51;35.53;-0.86;0.07;0.48;-1.69;32.67;16.67;
637975;27.86;32.08;100730.15;22.57;35.53;-0.86;-0.10;0.37;-64.84;92.79;-30.66;
638092;27.86;32.07;100726.32;22.89;35.53;-0.96;-0.06;0.31;24.50;-5.79;10.87;
638205;27.86;32.07;100728.86;22.67;35.53;-0.93;0.01;0.28;27.16;-31.22;2.26;
638318;27.86;32.08;100727.44;22.79;35.53;-0.91;0.09;0.38;39.33;-90.32;57.11;
638432;27.86;32.08;100727.41;22.79;35.53;-0.73;0.17;0.45;38.63;-109.95;49.65;
638546;27.86;32.08;100728.12;22.73;35.53;-1.01;0.28;0.49;22.98;-35.69;36.24;
638660;27.86;32.07;100726.69;22.72;35.53;-1.00;0.16;0.49;-19.30;16.81;2.72;
638773;27.86;32.08;100726.25;22.89;35.53;-0.80;0.16;0.49;8.00;2.70;8.26;
638884;27.86;32.08;100728.96;22.67;35.53;-0.86;0.18;0.59;-27.22;-9.69;-25.85;
638999;27.86;32.09;100730.50;22.54;35.53;-0.88;0.04;0.57;-50.76;32.79;-68.37;
639115;27.86;32.08;100725.75;22.93;35.53;-0.84;0.04;0.48;-26.66;7.63;-39.83;
639228;27.86;32.09;100729.21;22.64;35.53;-0.86;0.03;0.42;-25.27;26.66;-14.79;
639343;27.86;32.08;100727.24;22.81;35.53;-0.93;0.08;0.44;4.63;5.27;6.41;
639455;27.86;32.08;100726.42;22.88;35.53;-0.82;0.02;0.31;9.63;78.64;8.43;
639566;27.86;32.09;100731.00;22.49;35.53;-0.90;0.07;0.30;43.19;35.59;24.99;
639679;27.86;32.09;100728.53;22.70;34.53;-0.94;0.13;0.31;39.53;6.61;32.03;
639791;27.86;32.09;100727.44;22.79;35.53;-0.93;0.17;0.46;-37.54;-9.82;-9.56;
639904;27.86;32.10;100727.07;22.82;35.53;-0.97;-0.00;0.31;-56.00;32.15;-50.55;
640020;27.86;32.11;100731.38;22.59;35.53;-0.94;0.03;0.22;56.26;59.97;30.08;
640133;27.86;32.10;100729.21;22.64;35.53;-1.08;0.10;0.29;33.71;7.85;24.11;
640245;27.86;32.10;100730.12;22.57;35.53;-0.92;0.09;0.19;-0.96;-25.45;17.02;
640359;27.86;32.10;100728.76;22.68;35.53;-1.01;0.12;0.24;-5.66;-23.85;-1.42;
640473;27.86;32.11;100732.39;22.38;35.53;-0.90;0.20;0.33;-4.14;-63.24;39.88;
640586;27.86;32.10;100729.10;22.65;35.53;-0.81;0.29;0.30;-21.53;-22.29;15.82;
640701;27.86;32.10;100728.76;22.65;35.53;-0.91;0.26;0.33;-41.05;-37.15;86.73;
640816;27.86;32.10;100730.12;22.57;35.53;-0.92;0.15;0.36;-69.50;0.11;-3.69;
640928;27.86;32.10;100729.71;22.60;35.53;-0.89;0.10;0.38;-62.50;-24.05;17.77;
641044;27.86;32.11;100735.10;22.15;35.53;-0.94;0.14;0.41;-29.10;-38.06;2.85;
641158;27.86;32.11;100731.54;22.45;35.53;-0.91;0.20;0.47;-28.49;-21.94;8.92;
641271;27.86;32.11;100733.07;22.32;35.53;-0.89;0.16;0.40;-34.99;26.61;26.08;
641385;27.86;32.12;100731.27;22.60;35.53;-0.88;0.20;0.46;-2.18;-39.92;3.98;
641498;27.86;32.12;100731.27;22.47;35.53;-0.87;0.17;0.44;11.77;1.05;-32.12;
641610;27.86;32.12;100730.76;22.51;35.53;-0.90;0.09;0.53;-31.56;-48.79;-49.10;
641726;27.86;32.13;100731.17;22.48;35.53;-0.93;-0.02;0.43;-52.92;-6.11;-63.28;
641959;27.86;32.12;100732.35;22.38;35.53;-0.81;-0.01;0.49;24.66;-60.95;8.69;
642073;27.86;32.13;100732.86;22.34;35.53;-0.82;0.04;0.55;7.10;-34.79;18.95;
642186;27.86;32.13;100734.22;22.22;35.53;-0.85;0.07;0.60;4.55;-42.92;-4.93;
642298;27.86;32.13;100731.50;22.45;35.53;-0.82;0.05;0.54;0.26;41.42;-8.06;
642410;27.86;32.13;100729.30;22.64;35.53;-0.77;0.01;0.61;-12.47;-21.45;29.53;
642526;27.86;32.14;100733.07;22.32;35.53;-0.87;-0.05;0.56;-30.06;7.56;22.34;
642639;27.86;32.14;100735.95;22.38;35.53;-0.76;0.04;0.55;-36.93;43.83;-11.27;
642754;27.86;32.12;100729.41;22.63;35.53;-0.88;-0.02;0.50;1.44;34.84;2.50;
642866;27.86;32.13;100732.96;22.33;35.53;-0.92;0.05;0.50;24.47;3.62;6.20;
642977;27.86;32.14;100730.86;22.50;35.53;-0.91;0.05;0.46;25.79;-0.21;3.04;
643089;27.86;32.13;100728.96;22.67;35.53;-0.90;0.06;0.47;9.10;14.26;1.54;
643201;27.86;32.13;100732.11;22.40;35.53;-0.87;0.05;0.42;-7.62;34.50;1.56;
643312;27.86;32.14;100733.75;22.26;35.53;-0.97;0.03;0.42;-2.73;14.21;10.20;
643425;27.86;32.14;100733.75;22.26;35.53;-0.93;0.06;0.39;-62.00;14.70;29.56;
643539;27.86;32.15;100731.78;22.43;35.53;-0.88;0.05;0.31;-46.76;36.87;-7.76;
643653;27.86;32.14;100728.83;22.68;35.53;-0.87;0.02;0.27;4.52;21.07;-8.29;
643765;27.86;32.14;100729.47;22.62;35.53;-0.96;0.11;0.34;18.50;3.86;-4.69;
643876;27.86;32.14;100729.14;22.65;35.53;-0.92;-0.04;0.14;-2.81;39.60;-36.17;
643991;27.86;32.15;100731.10;22.49;35.53;-0.97;-0.10;0.20;-11.89;33.37;-23.65;
644107;27.86;32.13;100730.77;22.57;35.53;-0.96;-0.08;0.22;18.78;-24.17;-45.18;
644224;27.86;32.15;100732.63;22.36;35.53;-0.91;-0.11;0.23;11.18;-36.58;-35.10;
644339;27.86;32.14;100730.32;22.55;35.53;-1.01;-0.13;0.17;-16.99;-26.43;-24.35;
644456;27.86;32.15;100732.46;22.37;35.53;-0.86;-0.18;0.42;-20.03;-3.30;-13.74;
644572;27.86;32.15;100730.25;22.56;35.53;-0.93;-0.21;0.26;-34.49;28.93;21.94;
644686;27.86;32.14;100730.86;22.50;35.53;-0.50;-0.14;0.20;-16.38;-3.94;23.76;
644801;27.86;32.15;100732.46;22.37;35.53;-0.94;-0.12;0.45;61.62;84.15;3.79;
644914;27.86;32.16;100730.46;22.54;35.53;-0.94;-0.09;0.13;-15.63;104.89;-32.38;
645031;27.86;32.16;100729.30;22.64;35.53;-0.99;-0.13;-0.04;-43.13;99.74;-44.50;
645148;27.86;32.17;100731.07;22.65;35.53;-0.89;0.09;-0.17;13.16;44.69;23.53;
645262;27.86;32.16;100728.96;22.67;35.53;-0.86;-0.15;0.10;-28.78;3.59;29.89;
645376;27.86;32.16;100732.53;22.37;35.53;-0.83;-0.09;0.10;7.54;7.71;18.81;
645487;27.86;32.16;100729.95;22.58;35.53;-0.97;-0.14;0.03;-2.27;72.84;-13.22;
645602;27.86;32.16;100728.76;22.68;35.53;-0.92;-0.19;-0.17;-4.96;89.97;-21.73;
645719;27.86;32.16;100729.61;22.61;35.53;-0.87;-0.17;-0.23;-3.88;27.69;-3.15;
645833;27.86;32.17;100732.42;22.37;35.53;-0.95;-0.13;-0.17;-9.39;-22.44;-5.16;
645949;27.86;32.17;100729.21;22.64;35.53;-0.90;-0.17;-0.10;-11.42;-31.48;-13.60;
646067;27.86;32.17;100729.50;22.62;35.53;-0.89;-0.19;-0.11;-16.95;-9.63;6.85;
646181;27.86;32.18;100731.30;22.47;35.53;-1.00;-0.18;-0.15;-29.34;-22.76;6.49;
646297;27.86;32.17;100730.53;22.53;35.53;-0.92;-0.12;-0.20;-31.68;-0.14;10.37;
646414;27.86;32.17;100729.03;22.66;35.53;-0.96;-0.18;-0.18;-3.60;-13.10;-2.32;
646530;27.86;32.17;100729.38;22.63;35.53;-0.96;-0.21;-0.13;-6.05;-7.80;-13.33;
646645;27.86;32.17;100728.83;22.68;35.53;-1.03;-0.16;-0.14;10.18;-46.02;-35.63;
646762;27.86;32.17;100727.99;22.81;35.53;-1.01;-0.19;-0.04;2.47;-58.96;-34.38;
646878;27.86;32.17;100726.46;22.87;35.53;-1.06;-0.32;0.07;-8.98;-59.74;-18.17;
646993;27.86;32.19;100727.82;22.76;35.53;-1.00;-0.26;0.18;-26.40;-143.13;-16.56;
647112;27.86;32.19;100727.47;22.79;35.53;-0.91;-0.42;0.08;-4.24;-48.32;-36.27;
647228;27.86;32.18;100730.22;22.49;35.53;-0.84;-0.30;0.35;-11.37;-19.28;-71.73;
647345;27.86;32.19;100727.47;22.79;35.53;-0.83;-0.15;0.17;13.92;-94.31;-40.55;
647460;27.86;32.19;100727.47;22.79;35.53;-0.49;-0.41;0.10;-35.21;167.77;106.00;
647577;27.86;32.19;100727.14;22.82;35.53;-0.84;-0.38;0.12;-54.82;-10.09;50.53;
647693;27.86;32.18;100725.88;23.04;35.53;-0.81;-0.39;0.09;-5.36;57.69;27.34;
647808;27.86;32.19;100728.93;22.67;35.53;-0.94;-0.36;0.00;-12.21;-97.80;-13.83;
647924;27.86;32.19;100725.78;22.93;35.53;-1.14;-0.51;-0.01;-13.04;-63.02;7.24;
648040;27.86;32.19;100728.32;22.72;35.53;-1.06;-0.39;0.57;-8.85;-120.43;5.05;
648155;27.86;32.19;100726.46;22.87;35.53;-0.64;-0.33;0.49;-14.26;44.73;-1.97;
648269;27.86;32.19;100725.44;22.96;35.53;-0.84;-0.48;0.24;-0.38;24.43;-7.16;
648383;27.86;32.20;100727.21;22.81;35.53;-0.88;-0.34;0.50;-0.73;-113.65;-2.64;
648499;27.86;32.19;100724.02;23.08;35.53;-0.71;-0.36;0.46;-30.79;-37.77;-21.94;
648616;27.86;32.20;100726.63;22.86;35.53;-0.77;-0.30;0.59;-22.43;-62.78;-23.02;
648733;27.86;32.20;100727.54;22.77;35.53;-0.69;-0.36;0.57;-4.81;-7.22;1.13;
648846;31.28;32.13;100717.95;23.59;35.53;-0.72;-0.40;0.63;1.77;-32.18;30.63;
648960;31.28;32.12;100717.64;23.61;35.53;-0.79;-0.37;0.63;0.29;-49.42;23.97;
649073;27.86;32.16;100725.03;22.99;35.53;-0.76;-0.41;0.77;-24.73;-76.46;-11.65;
649190;27.86;32.18;100725.38;22.96;35.53;-0.58;-0.41;0.64;29.77;16.89;18.78;
649305;27.86;32.18;100727.41;22.79;35.53;-0.67;-0.38;0.69;2.75;-99.01;17.86;
649418;27.86;32.19;100724.60;23.03;35.53;-0.44;-0.32;0.74;8.82;-178.67;-8.55;
649533;27.86;32.19;100726.28;22.89;35.53;-0.32;-0.29;0.91;2.84;-97.68;-5.45;
649647;27.86;32.19;100726.73;22.85;35.53;-0.40;-0.31;0.90;-8.05;20.40;-6.55;
649760;27.86;32.19;100725.71;22.94;35.53;-0.35;-0.36;0.92;-3.66;6.76;-10.82;
649874;27.86;32.21;100727.78;22.76;35.53;-0.40;-0.37;0.88;-15.66;23.62;-15.71;
649990;27.86;32.19;100727.10;22.82;35.53;-0.47;-0.61;1.01;132.67;-152.92;-12.15;
650108;27.86;32.22;100727.67;22.77;35.53;0.05;-0.22;0.78;24.37;-56.29;-61.18;
650223;27.86;32.21;100721.67;23.27;35.53;-0.22;-0.35;0.99;-88.23;30.99;-51.34;
650339;27.86;32.22;100729.71;22.60;35.53;-1.01;-0.26;0.99;15.77;-27.74;156.43;
650455;27.86;32.21;100728.56;22.70;35.53;-0.03;-0.36;1.03;-21.71;-66.92;53.79;
650570;27.86;32.21;100726.60;22.86;35.53;-0.19;-0.46;1.20;-10.66;44.76;38.00;
650685;27.86;32.21;100728.73;22.68;35.53;-0.59;-0.35;0.93;8.82;86.73;35.28;
650798;27.86;32.21;100727.44;22.79;35.53;-0.21;-0.30;0.86;34.75;-5.62;45.40;
650912;27.86;32.22;100731.75;22.43;35.53;-0.57;-0.05;1.04;25.07;63.89;33.42;
651026;31.28;32.15;100716.86;23.68;35.53;-0.56;0.02;1.07;-37.80;91.07;21.91;
651140;32.26;32.12;100716.63;23.70;35.53;-0.65;-0.14;0.84;-10.46;201.80;-20.41;
651256;35.19;32.18;100725.54;22.95;35.53;-0.80;-0.19;0.62;-55.71;278.17;-36.24;
651373;27.86;32.19;100727.07;22.82;35.53;-0.74;-0.26;0.39;-18.75;97.16;12.27;
651488;27.86;32.20;100727.54;22.78;35.53;-0.68;-0.14;0.46;-24.23;-49.07;47.08;
651604;27.86;32.20;100724.76;23.02;35.53;-0.71;0.05;0.48;82.73;-20.20;177.47;
651719;27.86;32.22;100729.20;22.64;35.53;-0.77;0.08;0.94;-77.04;-121.13;-10.21;
651836;27.86;32.22;100727.85;22.76;35.53;-0.66;-0.18;0.60;-55.24;105.80;-16.20;
651953;27.86;32.21;100726.25;22.89;35.53;-0.76;-0.00;0.59;53.44;-54.53;34.58;
652067;27.86;32.21;100723.88;22.74;35.53;-0.75;0.07;0.73;-12.99;-7.79;12.12;
652182;27.86;32.22;100725.82;22.93;35.53;-0.88;-0.05;0.64;-16.06;147.15;-36.55;
652299;27.86;32.22;100727.61;22.78;35.53;-0.72;-0.04;0.33;2.09;-31.01;18.89;
652412;27.86;32.22;100726.60;22.86;35.53;-0.76;0.07;0.55;10.14;-42.98;-4.35;
652526;27.86;32.23;100727.71;22.77;35.53;-0.83;-0.04;0.44;-12.58;73.60;-11.37;
652642;27.86;32.23;100726.69;22.86;35.53;-0.94;0.00;0.41;4.96;21.27;-1.44;
652753;27.86;32.23;100726.53;22.87;35.53;-0.90;-0.05;0.46;-15.19;41.47;-19.15;
652870;27.86;32.23;100724.63;23.03;35.53;-0.87;-0.03;0.41;-15.63;26.05;24.72;
652985;27.86;32.23;100726.69;22.86;35.53;-0.85;-0.09;0.52;-34.55;53.63;-7.36;
653100;27.86;32.23;100727.27;22.81;35.53;-0.90;-0.08;0.32;-34.53;-4.43;2.58;
653213;27.86;32.23;100726.15;23.03;35.53;-0.74;-0.07;0.42;-8.21;7.19;5.50;
653325;27.86;32.24;100728.59;22.69;35.53;-0.93;-0.00;0.30;-26.82;183.80;54.29;
653442;27.86;32.23;100731.33;22.47;35.53;-0.91;0.02;0.09;-10.41;159.48;47.50;
653556;27.86;32.23;100727.95;22.75;35.53;-0.94;0.05;-0.02;15.48;26.90;50.17;
653670;27.86;32.23;100727.27;22.81;35.53;-1.02;0.08;0.05;-33.45;86.76;14.46;
653784;27.86;32.24;100727.24;22.81;35.53;-1.00;0.02;-0.08;-7.98;27.85;47.01;
653897;27.86;32.24;100725.75;22.93;35.53;-0.94;0.13;-0.05;-13.39;11.86;36.03;
654012;27.86;32.24;100727.85;22.76;35.53;-1.00;0.15;-0.05;-15.15;18.15;-6.53;
654128;27.86;32.23;100727.27;22.81;35.53;-0.99;0.06;-0.21;2.50;156.31;-23.02;
654242;27.86;32.24;100726.32;22.89;35.53;-1.01;0.07;-0.36;11.50;43.22;-18.72;
654357;27.86;32.24;100727.00;22.83;35.53;-0.98;0.05;-0.23;5.22;-38.27;-13.57;
654472;27.86;32.25;100729.00;22.66;35.53;-0.84;0.22;-0.13;-9.44;-97.59;33.11;
654586;27.86;32.25;100729.61;22.61;35.53;-0.96;0.12;-0.12;-15.07;51.88;-42.73;
654702;27.86;32.24;100725.47;22.96;35.53;-0.78;-0.01;-0.18;-2.81;18.84;10.06;
654932;27.86;32.24;100725.82;22.93;35.53;-0.90;0.04;-0.40;-12.27;69.47;-38.93;
655048;27.86;32.25;100726.05;22.91;35.53;-0.89;-0.12;-0.37;2.09;9.01;-34.40;
655162;27.86;32.26;100729.57;22.61;35.53;-0.85;-0.05;-0.31;17.18;-25.91;-7.48;
655278;27.86;32.25;100727.75;22.77;35.53;-0.91;0.02;-0.35;26.58;-16.09;-22.26;
655394;27.86;32.25;100726.39;22.88;35.53;-0.92;-0.02;-0.29;10.96;-24.56;-20.12;
655511;27.86;32.25;100724.25;23.06;35.53;-0.82;-0.06;-0.26;-18.00;-33.04;-74.11;
655629;27.86;32.25;100726.39;22.88;35.53;-0.93;-0.26;-0.23;-15.40;-50.63;-26.47;
655747;27.86;32.26;100724.08;23.07;35.53;-1.06;-0.31;-0.21;31.33;-132.15;-9.76;
655863;27.86;32.26;100723.07;23.16;35.53;-0.94;-0.13;0.04;86.56;-100.08;30.09;
655980;27.86;32.26;100727.64;22.77;35.53;-1.32;-0.20;0.27;55.65;-122.43;51.68;
656096;27.86;32.27;100727.20;22.81;35.53;-1.12;-0.06;0.28;-33.77;-111.77;107.60;
656214;27.86;32.26;100725.44;22.96;35.53;-1.02;-0.04;0.27;-51.24;-264.55;223.05;
656331;27.86;32.27;100725.71;22.94;35.53;-0.92;0.18;0.57;-49.80;-288.34;218.72;
656448;27.86;32.27;100725.67;22.94;35.53;-0.57;0.29;0.85;130.46;-181.44;87.13;
656565;27.86;32.26;100724.08;23.07;35.53;-0.54;0.43;0.69;129.59;-28.63;33.40;
656679;27.86;32.26;100720.18;23.40;35.53;-0.45;0.52;0.68;36.73;-163.60;172.87;
656795;27.86;32.27;100721.82;23.26;35.53;-0.03;0.59;0.43;179.21;-99.80;28.02;
656910;27.86;32.27;100722.49;23.21;35.53;-0.21;0.77;0.54;355.79;-64.29;-62.15;
657026;27.86;32.26;100719.85;23.43;35.53;-0.27;0.91;0.05;429.13;-34.98;-93.71;
657141;27.86;32.26;100721.21;23.31;35.53;-0.29;0.86;-0.26;73.80;-54.26;14.73;
657256;27.86;32.27;100721.64;23.28;35.53;-0.32;0.86;-0.22;4.24;-91.47;15.45;
657371;27.86;32.28;100723.03;23.16;35.53;-0.36;0.91;-0.20;7.94;-4.12;73.60;
657483;27.86;32.26;100722.46;23.21;35.53;-0.28;0.95;-0.07;-115.53;43.73;118.06;
657600;27.86;32.27;100723.00;23.16;35.53;-0.25;0.96;-0.17;29.63;87.24;-31.16;
657715;27.86;32.27;100722.32;23.22;35.53;-0.33;0.86;-0.05;-174.21;38.23;-3.47;
657830;27.86;32.27;100723.30;23.14;35.53;-0.31;0.98;0.24;-229.71;-15.89;-35.08;
657947;27.86;32.28;100721.71;23.18;35.53;-0.50;0.85;0.05;-301.83;-60.44;-170.98;
658065;27.86;32.27;100721.77;23.27;35.53;-0.40;0.56;0.60;-198.17;-86.34;-213.50;
658184;27.86;32.26;100719.00;23.50;35.53;-0.51;0.48;0.72;-111.08;-108.76;-148.41;
658302;27.86;32.28;100722.52;23.20;35.53;-0.50;0.47;0.90;-42.44;-38.89;-26.18;
658418;27.86;32.27;100720.75;23.35;35.53;-0.45;0.53;0.86;114.20;0.31;180.31;
658532;27.86;32.28;100721.16;23.32;35.53;-0.36;0.64;0.72;227.30;11.65;198.85;
658647;27.86;32.27;100719.91;23.42;35.53;-0.24;0.78;0.52;313.13;39.71;158.00;
658761;27.86;32.28;100722.35;23.22;35.53;-0.10;0.96;0.21;326.11;23.47;152.06;
658877;27.86;32.28;100722.86;23.18;35.53;-0.00;1.02;-0.00;153.16;-10.14;104.40;
658994;27.86;32.27;100715.50;23.79;35.53;0.11;1.04;-0.00;14.14;-2.78;69.21;
659106;27.86;32.28;100719.67;23.44;35.53;0.21;0.97;-0.03;10.20;-6.66;16.81;
659219;27.86;32.27;100720.59;23.37;35.53;0.15;0.95;-0.09;-15.82;-18.76;-4.67;
659334;27.86;32.28;100721.67;23.27;35.53;0.13;0.96;-0.13;-28.50;-15.76;-2.79;
659448;27.86;32.27;100718.72;23.52;35.53;0.14;0.97;-0.11;-15.07;-12.14;-4.56;
659563;27.86;32.28;100719.17;23.48;35.53;0.11;0.98;-0.09;-16.00;-1.59;-6.05;
659678;27.37;32.21;100710.42;24.22;35.53;0.08;1.00;-0.06;-13.08;-0.95;-2.40;
659791;27.86;32.21;100710.83;24.18;35.53;0.14;0.98;-0.02;-0.98;-11.33;-1.34;
659905;27.86;32.25;100722.14;23.24;35.53;0.06;1.04;-0.06;-4.67;-7.82;-8.21;
660018;38.61;32.25;100719.95;23.42;35.53;0.04;1.03;-0.04;-10.58;-6.21;-13.63;
660132;27.86;32.25;100719.95;23.42;35.53;-0.04;0.98;-0.02;-27.85;8.99;-75.50;
660247;27.86;32.26;100718.83;23.51;35.53;-0.10;1.04;0.05;-64.85;-36.63;-56.61;
660363;27.86;32.26;100719.33;23.47;35.53;0.02;1.09;0.17;-58.96;-152.87;14.05;
660477;38.61;32.26;100716.62;23.70;35.53;0.13;1.03;0.08;33.94;-130.11;11.21;
660592;27.86;32.27;100717.71;23.61;35.53;-0.03;1.10;0.03;95.36;-144.52;79.63;
660707;27.86;32.27;100718.93;23.46;35.53;-0.11;1.05;-0.27;58.09;-147.04;120.27;
660824;27.86;32.27;100716.35;23.72;35.53;0.09;0.87;-0.42;28.26;-38.20;111.13;
660938;27.86;32.27;100715.33;23.81;35.53;0.20;0.79;-0.39;55.79;17.34;54.81;
661051;27.86;32.28;100716.11;23.74;35.53;0.11;0.70;-0.31;106.84;74.99;-23.71;
661166;27.86;32.27;100718.56;23.53;35.53;0.08;0.59;-0.22;127.68;108.66;-19.89;
661281;27.86;32.27;100713.64;23.69;35.53;0.26;0.83;-0.36;50.26;3.91;-13.37;
661395;27.86;32.28;100716.28;23.72;35.53;0.25;0.95;-0.49;51.89;64.06;-27.85;
661509;27.86;32.28;100716.80;23.68;35.53;0.48;1.04;-0.34;107.73;-74.12;-36.17;
661624;27.86;32.28;100716.80;23.68;35.53;0.37;0.77;-0.90;104.63;-186.43;2.85;
661739;27.86;32.28;100716.96;23.67;35.53;0.06;0.61;-0.49;-44.17;-45.85;71.97;
661854;27.86;32.28;100716.59;23.70;35.53;0.14;0.61;-0.68;-89.34;-78.06;15.10;
661968;27.86;32.28;100717.27;23.64;35.53;0.10;0.85;-0.62;-103.71;-36.87;-2.32;
662084;27.86;32.29;100718.00;23.58;35.53;-0.02;0.89;-0.52;-33.82;-46.15;7.51;
662200;27.86;32.29;100717.50;23.62;35.53;-0.08;0.95;-0.54;-35.31;-62.46;69.16;
662316;27.86;32.29;100720.21;23.40;35.53;0.00;0.84;-0.50;-47.40;-99.39;118.98;
662431;27.86;32.29;100716.86;23.68;35.53;-0.04;0.86;-0.52;-74.09;-157.15;131.34;
662549;27.37;32.29;100718.56;23.53;35.53;0.14;0.80;-0.44;-92.96;-132.58;94.46;
662665;27.86;32.29;100717.36;23.64;35.53;0.10;0.98;-0.27;-48.52;-152.70;60.02;
662780;27.37;32.28;100718.79;23.52;35.53;0.12;0.93;-0.32;-63.74;-135.04;61.10;
662897;19.55;32.29;100717.84;23.66;35.53;0.10;0.92;-0.26;-25.47;-117.86;60.95;
663013;27.37;32.29;100720.21;23.40;35.53;0.12;0.99;-0.12;-20.92;-146.44;70.64;
663129;27.37;32.29;100717.71;23.61;35.53;0.10;0.98;-0.21;-48.90;-142.21;78.92;
663244;27.37;32.28;100715.57;23.79;35.53;0.14;0.88;-0.39;-39.80;-86.03;40.52;
663359;27.37;32.29;100717.84;23.60;35.53;0.13;0.91;-0.42;-34.37;-118.92;-7.48;
663475;27.37;32.28;100716.59;23.70;35.53;0.10;0.84;-0.31;-5.13;-195.95;19.13;
663589;27.37;32.29;100716.14;23.74;35.53;0.04;0.92;-0.29;12.89;-218.76;37.47;
663705;27.37;32.30;100718.46;23.55;35.53;0.21;0.88;-0.43;-10.05;-156.53;49.73;
663821;27.37;32.30;100719.30;23.47;35.53;-0.05;1.08;-0.44;-47.42;-132.56;107.86;
663939;27.37;32.29;100718.28;23.56;35.53;-0.24;1.18;-0.17;-63.60;-141.42;23.08;
664055;27.37;32.29;100720.05;23.41;35.53;-0.07;1.04;-0.59;-4.89;-125.40;-3.95;
664171;27.37;32.30;100719.81;23.43;35.53;0.08;0.88;-0.17;-16.61;-87.59;85.73;
664286;27.37;32.30;100715.53;23.79;35.53;0.22;0.80;-0.31;-8.78;-69.47;62.35;
664400;27.37;32.30;100721.00;23.33;35.53;0.12;0.97;-0.19;16.56;-48.18;43.25;
664514;27.37;32.30;100719.97;23.42;35.53;0.19;0.95;-0.17;-22.82;-84.56;15.79;
664629;27.37;32.30;100717.23;23.65;35.53;0.28;0.95;-0.18;-22.08;-78.09;39.73;
664743;27.37;32.31;100720.55;23.37;35.53;0.32;0.93;-0.20;-5.59;-84.66;19.91;
664973;27.37;32.30;100714.72;23.86;35.53;0.23;0.95;-0.12;-34.06;-133.48;44.69;
665089;27.37;32.30;100716.21;23.73;35.53;0.16;0.97;-0.07;-9.45;-89.15;13.53;
665202;27.37;32.31;100715.81;23.76;35.53;0.18;0.94;-0.07;-41.11;-66.56;-3.98;
665318;36.17;32.31;100714.05;23.91;35.53;0.21;0.95;-0.12;-29.76;-51.51;5.37;
665432;27.37;32.30;100712.66;24.03;35.53;0.28;0.92;-0.11;-39.69;-44.73;-15.54;
665547;27.37;32.30;100714.35;23.89;35.53;0.38;1.00;-0.15;-48.85;-17.10;1.37;
665661;27.37;32.30;100714.69;23.86;35.53;0.27;1.00;-0.20;-38.00;24.90;12.05;
665775;27.37;32.31;100714.05;23.91;35.53;0.23;0.89;-0.07;-43.39;25.57;-19.94;
665889;27.37;32.30;100713.84;23.93;35.53;0.17;1.00;-0.07;-51.02;15.91;-2.08;
666003;27.37;32.31;100712.25;24.06;35.53;0.23;0.97;-0.13;1.45;27.51;-2.49;
666116;27.37;32.25;100703.34;24.81;35.53;0.20;0.98;-0.02;-0.79;30.72;44.17;
666228;27.37;32.31;100716.14;23.74;35.53;0.19;1.16;-0.01;-14.27;42.81;48.09;
666342;27.37;32.32;100716.14;23.74;35.53;0.29;1.01;-0.08;-9.80;46.93;9.40;
666454;27.37;32.31;100712.42;24.05;35.53;0.27;0.94;-0.11;46.73;38.17;-36.14;
666567;27.37;32.30;100711.13;24.16;35.53;0.29;0.82;-0.09;82.32;43.42;-5.15;
666680;27.37;32.31;100711.50;24.13;35.53;0.14;1.00;-0.12;51.47;51.42;19.59;
666792;27.37;32.30;100713.50;23.96;35.53;0.20;1.05;-0.21;-45.56;82.78;38.73;
667018;36.66;32.31;100710.21;24.23;35.53;0.15;0.87;0.04;-12.70;87.48;20.98;
667131;27.37;32.26;100703.07;24.83;35.53;0.16;0.99;-0.05;38.92;20.43;-5.95;
667359;37.15;32.31;100710.66;24.20;35.53;0.24;0.86;0.02;-2.40;-2.34;-55.28;
668038;36.66;32.31;100711.67;24.11;35.53;0.13;0.93;-0.05;-16.29;9.82;57.92;
668265;27.37;32.32;100711.64;24.12;35.53;0.03;1.06;-0.09;-27.10;-28.00;8.87;
668379;37.15;32.31;100712.58;24.04;35.53;0.11;0.91;-0.07;-15.39;-5.47;-37.22;
669179;27.37;32.31;100711.67;24.11;35.53;0.01;1.45;-0.29;68.85;18.03;29.42;
669858;37.15;32.32;100705.64;24.62;35.53;0.16;0.90;-0.14;43.36;187.86;-103.05;
670203;27.37;32.33;100705.43;24.63;35.53;0.29;0.86;0.00;3.36;123.76;-29.71;
670430;27.37;32.32;100705.64;24.62;35.53;0.18;0.97;-0.19;32.43;77.56;14.24;
670542;27.37;32.33;100706.21;24.57;35.53;0.17;1.10;-0.25;69.57;125.21;-17.37;
670657;27.37;32.33;100704.69;24.70;35.53;0.22;0.91;-0.13;49.74;183.47;-47.47;
670772;27.37;32.32;100700.61;25.04;35.53;0.20;0.86;-0.24;38.58;157.57;-27.01;
670887;27.37;32.32;100700.89;25.01;35.53;0.24;0.91;-0.21;-1.15;188.05;0.03;
671000;27.37;32.33;100704.69;24.80;35.53;0.25;1.04;-0.35;-19.68;179.39;-9.82;
671115;27.37;32.29;100696.14;25.41;35.53;0.13;1.07;-0.35;35.51;138.05;-58.49;
671229;27.37;32.33;100702.99;24.84;35.53;0.10;0.81;-0.32;19.45;131.82;-32.05;
671458;27.37;32.33;100703.16;24.82;35.53;0.01;1.14;-0.26;-34.32;18.20;-27.73;
671572;27.37;32.33;100703.84;24.77;35.53;-0.21;1.08;-0.26;1.83;-0.55;20.18;
671686;27.37;32.34;100703.22;24.82;35.53;-0.15;1.07;-0.15;-21.83;45.69;6.78;
671912;27.37;32.34;100703.39;24.81;35.53;0.04;0.94;-0.10;-1.30;69.24;3.30;
672024;27.37;32.33;100702.21;24.90;35.53;0.10;0.87;-0.14;-7.88;54.40;9.40;
672136;27.37;32.33;100701.97;24.92;35.53;0.09;0.99;-0.15;-4.79;57.18;16.03;
672248;27.37;32.33;100700.28;25.06;35.53;0.14;0.93;-0.07;16.82;44.26;7.07;
672360;27.37;32.31;100694.89;25.52;35.53;0.17;0.90;-0.09;34.40;31.51;-45.04;
672474;27.37;32.33;100700.55;25.04;35.53;0.11;0.98;-0.15;4.78;9.97;-57.83;
672816;27.37;32.34;100701.25;24.98;35.53;0.01;1.12;-0.16;-24.15;37.59;-32.84;
672930;27.37;32.34;100701.25;24.98;35.53;0.09;0.97;-0.14;39.28;13.45;12.12;
673156;27.37;32.33;100698.24;25.24;35.53;0.11;0.82;-0.17;37.85;23.63;-9.36;
673268;27.37;32.34;100700.51;25.05;35.53;0.13;0.83;-0.38;125.98;64.37;-65.62;
673383;27.37;32.34;100701.60;24.96;35.53;0.08;1.24;-0.49;-146.66;17.76;40.92;
673498;26.39;32.34;100700.85;25.02;35.53;0.02;1.46;-0.29;-29.40;52.81;-30.08;
673613;27.37;32.34;100697.70;25.28;35.53;-0.16;0.85;0.11;-82.87;19.54;80.21;
673727;27.37;32.34;100696.61;25.24;35.53;-0.03;0.88;0.14;35.59;-16.78;32.87;
673841;27.37;32.34;100696.52;25.38;35.53;0.18;0.89;-0.24;164.47;-4.02;17.85;
673954;27.37;32.33;100695.70;25.45;35.53;0.20;0.70;-0.23;6.27;14.67;10.78;
674179;23.46;32.34;100696.00;25.42;35.53;0.19;1.12;-0.35;-67.05;17.80;22.15;
674292;26.88;32.34;100694.75;25.53;35.53;0.16;1.15;-0.21;-48.53;54.38;-47.79;
674407;26.88;32.33;100694.85;25.53;35.53;0.01;1.17;-0.45;-38.89;39.83;-98.61;
674523;26.88;32.33;100693.16;25.66;35.53;0.08;1.10;-0.34;-14.15;18.52;11.33;
674636;26.88;32.34;100696.85;25.35;35.53;0.48;1.26;-0.47;-137.04;90.90;15.07;
674751;27.37;32.35;100694.64;25.54;35.53;-0.26;0.84;-0.08;-1.89;29.50;-108.61;
674867;26.88;32.34;100691.53;25.80;35.53;-0.07;0.52;0.16;87.08;58.46;-28.24;
674980;26.88;32.34;100685.83;26.27;35.53;0.02;0.96;-0.10;29.34;-71.86;-1.04;
675094;26.88;32.32;100682.65;26.54;35.53;0.03;0.98;-0.20;-2.14;-88.40;-9.60;
675208;26.88;32.34;100689.50;25.97;35.53;0.10;0.92;-0.16;-29.62;-41.40;49.48;
675322;26.88;32.35;100687.94;26.10;35.53;0.17;0.93;-0.19;-91.88;-20.92;37.08;
675438;26.88;32.35;100689.80;25.94;35.53;0.04;1.09;-0.23;-4.89;1.77;-24.67;
675551;26.88;32.34;100685.25;26.32;35.53;-0.13;1.15;-0.39;-99.40;-51.68;36.70;
675666;26.88;32.34;100687.46;26.14;35.53;-0.12;0.99;-0.35;11.57;62.85;3.76;
675779;15.64;32.34;100684.24;26.41;35.53;0.07;0.96;-0.39;32.14;110.11;4.81;
675892;26.88;32.35;100685.89;26.27;35.53;0.14;0.85;-0.34;-1.19;121.19;17.69;
676005;26.88;32.35;100683.63;26.46;35.53;0.11;0.71;-0.33;-8.85;122.67;3.18;
676118;26.88;32.34;100684.07;26.42;35.53;0.03;0.69;-0.33;-123.33;31.08;17.19;
676233;26.88;32.34;100681.36;26.65;35.53;0.05;1.06;-0.21;-30.96;143.05;-55.62;
676349;26.88;32.35;100684.47;26.39;35.53;0.16;0.97;-0.10;12.38;238.66;-65.44;
676692;26.88;32.35;100685.16;26.33;35.53;0.24;1.00;-0.26;18.20;333.31;-4.81;
676806;26.88;32.36;100686.75;26.20;35.53;0.32;0.98;-0.26;68.08;281.59;-33.34;
677037;26.88;32.35;100682.61;26.54;35.53;0.20;0.85;-0.38;10.50;89.11;-30.02;
677151;26.88;32.35;100682.61;26.54;35.53;0.12;1.15;-0.41;-14.05;21.16;-32.41;
677380;23.46;32.35;100682.95;26.52;35.53;0.21;0.73;-0.19;67.68;102.03;-66.06;
678304;26.88;32.36;100681.15;26.67;35.53;0.03;1.07;-0.42;-86.64;-16.09;65.77;
678768;26.88;32.36;100675.55;27.14;35.53;-0.14;1.33;-0.54;-61.05;156.43;81.77;
678884;26.88;32.37;100675.79;27.12;35.53;0.05;1.00;0.05;-159.92;-111.71;-58.40;
679460;26.88;32.36;100669.63;27.63;35.53;0.05;0.72;-0.08;-64.64;27.76;144.02;
679575;26.88;32.37;100670.13;27.59;35.53;0.29;1.04;-0.13;58.69;101.63;-30.29;
680152;26.88;32.37;100671.56;27.47;35.53;-0.08;0.78;-0.01;28.38;17.92;-26.69;
680266;26.88;32.37;100667.49;27.81;35.53;-0.15;0.94;0.01;55.54;28.32;-29.02;
680610;26.88;32.36;100667.42;27.82;35.53;-0.12;0.84;-0.43;19.42;116.82;-88.34;
680726;26.88;32.37;100668.33;27.74;35.53;-0.20;0.90;-0.51;-51.79;142.49;-65.25;
680961;15.64;32.37;100668.17;27.75;35.53;-0.26;1.01;-0.48;-30.21;186.78;-76.84;
681077;26.88;32.38;100670.77;27.54;35.53;-0.21;0.73;-0.44;38.96;228.03;-33.08;
681310;26.88;32.38;100663.69;28.13;35.53;-0.11;0.92;-0.38;-29.13;182.18;-70.64;
681426;26.88;32.38;100667.08;27.85;35.53;-0.28;0.95;-0.33;-25.66;121.69;-78.75;
681659;26.88;32.37;100666.50;27.89;35.53;-0.08;0.85;-0.37;-58.61;140.61;-18.44;
681776;26.88;32.37;100670.20;27.59;35.53;-0.07;0.82;-0.27;-49.40;142.47;-12.29;
681892;26.88;32.37;100668.50;27.73;35.53;0.01;0.95;-0.25;-56.82;126.17;-8.02;
682007;26.88;32.38;100666.07;27.93;35.53;-0.04;1.24;-0.46;83.59;183.80;-63.88;
682123;26.88;32.37;100668.85;27.70;35.53;-0.19;0.96;-0.52;36.06;137.57;60.96;
682237;26.88;32.37;100667.32;27.83;35.53;0.17;0.86;-0.29;0.29;105.54;-41.30;
682351;26.88;32.38;100665.17;28.01;35.53;0.09;0.68;-0.40;63.40;75.47;-54.92;
682580;26.39;32.37;100662.60;28.22;35.53;0.01;1.24;-0.58;-53.39;61.10;-20.69;
682695;26.88;32.39;100664.84;28.03;35.53;-0.05;1.27;-0.70;-26.66;-33.08;-72.89;
682812;26.88;32.38;100665.17;28.01;35.53;-0.26;0.93;-0.25;-152.69;-70.05;-29.56;
682930;26.88;32.38;100664.36;28.07;35.53;-0.06;0.74;-0.09;-10.44;-50.84;-29.18;
683046;26.88;32.38;100659.41;28.49;35.53;-0.02;0.69;-0.26;16.99;-53.95;6.20;
683161;31.28;32.38;100659.25;28.50;35.53;-0.16;0.95;-0.32;-149.65;13.36;170.35;
683278;26.88;32.38;100659.25;28.50;35.53;-0.07;1.15;-0.18;62.12;92.73;-35.56;
683393;26.88;32.38;100662.80;28.20;35.53;-0.65;1.05;-0.71;8.92;72.99;-122.49;
683507;26.88;32.38;100660.26;28.42;35.53;-0.32;0.75;-0.27;3.95;78.05;-18.92;
683621;35.19;32.38;100658.91;28.53;35.53;-0.02;0.81;-0.21;84.46;131.85;-95.65;
683737;26.88;32.39;100659.48;28.48;35.53;-0.12;1.17;-0.44;-11.69;93.25;45.92;
683967;26.88;32.38;100655.00;28.86;35.53;-0.01;0.79;-0.32;-38.84;-11.88;86.66;
684083;26.88;32.39;100656.47;28.73;35.53;-0.08;0.83;-0.35;-55.11;-52.05;1.66;
684197;26.88;32.38;100654.88;28.87;35.53;-0.08;0.69;-0.19;28.15;-51.69;-13.28;
684313;26.88;32.38;100653.17;29.01;35.53;0.14;0.64;-0.14;-46.37;16.63;18.81;
684427;26.39;32.38;100652.13;29.10;35.53;0.22;0.97;-0.32;0.46;0.78;35.71;
684538;26.88;32.38;100653.99;28.94;35.53;0.02;1.27;-0.54;27.62;-115.95;11.42;
684653;26.88;32.38;100652.80;29.04;35.53;-0.07;1.27;-0.52;-142.60;-217.16;-33.18;
684888;26.88;32.38;100649.58;29.31;35.53;-0.04;0.73;-0.24;-25.73;87.37;33.89;
685003;26.88;32.38;100650.42;29.24;35.53;0.07;0.77;-0.16;-54.61;56.26;4.40;
685116;26.88;32.39;100647.28;29.50;35.53;0.06;0.82;-0.12;-51.04;37.86;54.37;
685230;26.88;32.39;100646.77;29.55;35.53;-0.11;1.13;-0.08;3.36;-76.32;-32.41;
685344;26.88;32.37;100644.94;29.70;35.53;-0.13;0.97;-0.17;57.97;-162.66;52.17;
685460;26.88;32.39;100644.60;29.73;35.53;0.04;0.79;-0.22;73.68;-46.27;-32.93;
685689;26.88;32.38;100645.89;29.62;35.53;0.14;0.87;-0.30;30.90;-36.70;-28.56;
685804;26.88;32.39;100647.10;29.52;35.53;-0.13;1.00;-0.37;-34.72;-66.14;42.05;
685921;26.88;32.38;100647.03;29.68;35.53;0.13;0.95;-0.23;28.00;29.13;66.37;
686033;26.88;32.38;100640.46;30.07;35.53;-0.05;0.84;-0.36;115.89;-63.95;-23.47;
686150;26.88;32.38;100645.68;29.64;35.53;0.20;0.96;-0.46;-27.77;39.83;-26.58;
686380;26.88;32.36;100639.46;30.16;35.53;-0.06;0.92;-0.27;-123.73;-30.67;15.69;
686496;26.88;32.38;100647.10;29.52;35.53;-0.14;0.99;-0.26;-15.88;-56.09;19.54;
686613;26.88;32.38;100644.50;29.74;35.53;-0.15;1.06;-0.33;15.79;-64.61;41.08;
686728;26.88;32.39;100643.41;29.83;35.53;0.03;0.88;-0.23;-15.54;25.05;36.12;
686841;15.64;32.37;100642.91;29.87;35.53;0.20;0.86;-0.21;8.23;18.18;-52.70;
686954;26.88;32.39;100643.75;29.80;35.53;0.11;0.93;-0.35;-79.30;-5.42;-21.02;
687069;26.88;32.36;100641.17;29.55;35.53;-0.06;1.01;-0.20;-53.08;97.15;39.11;
687183;26.88;32.38;100646.53;29.57;35.53;-0.10;1.20;-0.24;27.18;10.26;-22.23;
687298;26.88;32.38;100646.36;29.58;35.53;0.06;0.82;-0.35;46.49;206.08;-44.79;
687413;26.88;32.38;100643.48;29.82;35.53;-0.34;0.96;-0.35;-104.90;-62.06;13.79;
687531;26.88;32.39;100645.92;29.62;35.53;0.06;0.84;-0.31;-5.76;60.14;24.29;
687643;26.88;32.39;100647.10;29.52;35.53;0.02;0.97;-0.22;-6.44;-2.35;9.88;
687755;26.88;32.39;100644.60;29.73;35.53;-0.05;1.21;-0.27;16.95;-15.47;-21.05;
687870;26.88;32.39;100647.44;29.49;35.53;0.11;0.86;-0.26;-45.83;28.14;67.33;
687984;26.88;32.39;100646.77;29.55;35.53;0.10;0.95;-0.27;25.13;2.63;-0.09;
688096;26.88;32.39;100647.61;29.48;35.53;0.10;0.98;-0.24;-11.07;29.73;45.22;
688209;26.88;32.39;100644.60;29.73;35.53;0.18;0.92;-0.25;0.66;79.60;55.31;
688321;23.46;32.39;100643.21;29.84;35.53;0.07;0.88;-0.27;29.07;82.18;19.65;
688435;26.88;32.37;100641.89;29.96;35.53;0.31;0.95;-0.31;19.04;111.10;-39.74;
688549;26.88;32.38;100644.32;29.75;35.53;0.32;0.88;-0.36;36.12;136.06;-47.15;
688664;26.88;32.40;100650.02;29.27;35.53;-0.00;0.87;-