31;33.53;0.01;0.82;0.11;30.23;-176.47;-5.50;
283309;24.93;30.49;100659.53;28.48;33.53;-0.00;1.09;0.09;5.94;-221.36;-21.88;
283423;24.93;30.50;100660.79;28.37;33.53;0.01;0.90;0.08;8.38;-245.15;-31.22;
283537;24.93;30.49;100660.49;28.40;33.53;0.03;1.35;0.10;-29.24;-264.26;-48.66;
283653;24.93;30.49;100660.96;28.36;33.53;0.02;0.90;0.06;-3.91;-270.81;-12.76;
283767;24.93;30.50;100661.30;28.33;33.53;-0.01;1.05;0.11;-7.65;-273.33;7.98;
283881;24.93;30.50;100664.96;28.02;33.53;0.03;1.15;0.10;-23.30;-274.82;-46.58;
283997;24.93;30.50;100659.78;28.46;33.53;0.02;1.00;0.11;47.91;-269.91;15.73;
284111;24.93;30.49;100657.28;28.67;33.53;0.02;1.00;0.08;-32.85;-266.73;16.52;
284226;33.73;30.50;100660.11;28.43;33.53;0.02;1.01;0.10;6.89;-243.82;-58.32;
284340;24.93;30.49;100660.32;28.41;33.53;0.02;1.03;0.10;57.18;-234.70;-4.61;
284453;24.93;30.50;100659.89;28.45;33.53;-0.00;1.15;0.09;-59.82;-231.77;-4.60;
284569;24.93;30.50;100663.10;28.18;33.53;0.02;0.92;0.10;15.86;-216.90;-23.16;
284684;24.93;30.51;100661.88;28.28;33.53;0.01;1.02;0.09;-63.74;-219.02;6.79;
284797;24.93;30.51;100663.85;28.12;33.53;0.02;1.15;0.10;28.64;-201.57;-72.73;
284913;24.93;30.51;100661.31;28.33;33.53;0.03;1.03;0.11;-18.66;-207.39;-24.63;
285029;24.93;30.51;100662.72;28.21;33.53;0.02;0.95;0.09;-0.63;-199.40;-18.66;
285144;24.93;30.51;100666.21;27.92;33.53;0.02;0.92;0.11;-17.07;-183.18;-6.64;
285258;24.93;30.50;100661.30;28.33;33.53;0.02;0.98;0.09;-10.70;-156.38;-23.74;
285374;24.93;30.51;100663.07;28.18;33.53;0.02;1.03;0.11;9.65;-132.03;-1.39;
285487;24.93;30.51;100661.21;28.11;33.53;0.03;0.64;0.08;-9.63;-106.44;-9.86;
285600;24.93;30.50;100662.48;28.23;33.53;0.03;0.20;0.07;-50.85;-95.79;-13.33;
285716;24.93;30.51;100667.74;27.79;33.53;-0.28;1.57;0.33;400.76;-104.69;111.27;
285833;24.93;30.51;100667.89;27.78;33.53;-0.01;0.80;0.15;-79.83;-122.63;-110.35;
285950;24.93;30.50;100665.19;28.00;33.53;-0.01;0.44;0.09;334.47;-70.90;-30.92;
286066;32.75;30.52;100671.02;27.52;33.53;0.00;0.84;0.03;66.92;-86.58;-6.06;
286179;24.93;30.52;100673.11;27.34;33.53;0.17;1.09;0.20;-124.70;-69.50;71.34;
286294;24.93;30.51;100671.78;27.45;33.53;0.01;0.96;0.04;195.25;-5.66;-145.51;
286408;24.93;30.53;100677.35;26.99;33.53;0.03;1.12;0.12;-319.25;-31.45;141.68;
286525;24.93;30.53;100681.40;26.72;33.53;-0.02;0.99;0.07;167.05;61.69;-85.01;
286640;24.93;30.53;100685.29;26.32;33.53;-0.00;1.04;0.06;-307.85;47.18;76.72;
286754;24.93;30.54;100686.27;26.24;33.53;0.02;1.16;0.12;-6.52;99.63;-7.74;
286866;25.42;30.54;100686.78;26.20;33.53;0.01;1.13;0.08;-238.78;99.54;-27.80;
286981;24.93;30.52;100688.15;26.08;33.53;0.02;1.16;0.11;-13.13;119.19;-16.96;
287095;24.93;30.54;100693.31;25.65;33.53;-0.02;1.11;0.12;-127.68;106.61;-65.62;
287212;24.93;30.54;100694.15;25.58;33.53;0.01;1.07;0.11;-1.25;105.94;-15.24;
287327;33.24;30.55;100698.66;25.20;33.53;0.00;1.02;0.10;-59.04;89.71;3.85;
287438;24.93;30.54;100701.66;24.95;33.53;0.00;0.94;0.10;11.74;67.37;88.44;
287550;24.93;30.54;100702.10;24.91;33.53;-0.01;1.02;0.10;2.95;30.09;120.52;
287663;24.93;30.53;100702.19;24.91;33.53;-0.01;0.99;0.10;30.93;-5.91;134.85;
287776;24.93;30.54;100707.17;24.49;33.53;-0.01;1.04;0.08;50.40;-39.79;143.16;
287891;24.93;30.55;100707.44;24.46;33.53;0.01;1.03;0.10;104.38;-56.98;115.47;
288006;23.46;30.54;100709.71;24.28;33.53;0.02;1.03;0.10;62.47;-65.50;63.71;
288118;24.93;30.54;100708.58;24.37;33.53;0.02;0.96;0.10;58.23;-54.17;8.26;
288231;24.93;30.54;100709.26;24.31;33.53;0.03;0.95;0.09;17.86;-28.41;-34.81;
288345;24.93;30.53;100711.83;24.10;33.53;0.02;0.93;0.07;-27.91;4.37;-64.84;
288457;24.93;30.54;100714.60;23.70;33.53;0.03;1.06;0.08;-85.60;33.80;-88.89;
288571;24.93;30.54;100714.50;23.88;33.53;0.03;1.11;0.08;-84.85;63.53;-99.04;
288685;24.93;30.54;100719.17;23.48;33.53;0.02;1.04;0.10;-71.68;83.42;-128.95;
288799;24.93;30.54;100719.34;23.47;33.53;0.21;2.07;-0.22;39.92;-60.38;-191.13;
288915;24.93;30.53;100719.33;23.47;33.53;0.36;0.77;-0.73;-310.44;-158.95;-85.57;
289033;24.93;30.54;100718.39;23.55;33.53;0.11;1.19;0.18;-87.15;-109.95;-22.40;
289149;24.93;30.55;100722.96;23.17;33.53;0.10;1.08;0.16;-70.63;-40.53;-20.06;
289264;24.93;30.55;100718.77;23.52;33.53;0.33;0.91;0.33;-83.45;-5.39;-91.95;
289378;24.93;30.54;100719.85;23.43;33.53;0.23;0.75;-0.03;41.98;-37.89;5.42;
289490;24.93;30.55;100724.32;23.05;33.53;0.51;0.79;-0.04;-48.47;60.93;4.75;
289603;24.93;30.55;100721.82;23.23;33.53;0.45;0.96;0.14;4.53;32.21;150.84;
289715;24.93;30.54;100722.72;23.19;33.53;-0.22;0.32;0.47;47.73;125.79;6.69;
289827;54.25;30.56;100725.91;22.92;33.53;-1.83;0.42;0.73;-331.30;29.82;-334.50;
289944;24.93;30.55;100722.32;23.22;33.53;-0.63;1.28;0.54;-234.50;-140.89;-201.27;
290064;24.93;30.55;100720.25;23.39;33.53;0.58;0.78;-0.39;52.37;36.31;-193.85;
290179;24.93;30.55;100720.94;24.01;33.53;0.13;1.09;0.03;-73.54;-44.75;106.31;
290293;24.93;30.55;100721.27;23.31;33.53;0.21;0.46;0.42;-233.59;67.98;138.43;
290408;24.93;30.54;100718.66;23.53;33.53;0.09;1.32;0.37;6.37;-25.98;98.34;
290520;24.93;30.55;100720.25;23.39;33.53;0.37;0.62;0.33;59.59;-21.39;25.86;
290632;24.93;30.54;100720.02;23.41;33.53;0.26;0.81;0.07;-54.31;6.24;83.19;
290744;24.93;30.55;100719.58;23.45;33.53;0.32;0.91;0.35;-54.47;24.67;28.66;
290857;24.93;30.55;100722.63;23.90;33.53;0.20;1.00;0.20;14.34;17.16;28.15;
290969;24.93;30.55;100722.63;23.19;33.53;-0.07;1.18;0.19;-52.46;23.98;-21.62;
291084;24.93;30.55;100724.14;23.07;33.53;0.07;0.81;0.32;-40.37;69.16;-66.72;
291197;24.93;30.55;100722.11;23.24;33.53;0.59;1.11;0.18;-15.73;152.29;21.79;
291311;24.93;30.57;100724.66;23.02;33.53;0.46;0.92;0.64;139.54;63.30;86.46;
291424;24.93;30.55;100722.96;23.17;33.53;0.12;0.74;0.48;42.21;-19.65;59.68;
291536;24.93;30.55;100722.28;23.78;33.53;0.30;0.74;0.42;-22.56;-87.44;-57.82;
291651;24.93;30.55;100719.24;23.48;33.53;0.35;1.18;0.23;23.30;-76.38;-165.34;
291767;24.93;30.56;100721.38;23.30;33.53;0.11;1.17;0.36;1.77;-44.98;122.95;
291879;24.93;30.55;100718.74;23.52;33.53;-0.13;1.11;0.11;-51.85;-157.74;16.90;
291995;24.93;30.56;100720.84;23.34;33.53;-0.15;0.88;0.14;-60.69;-269.45;35.13;
292111;24.93;30.55;100718.57;23.29;33.53;0.08;0.82;0.16;-45.40;-221.88;47.34;
292226;24.93;30.52;100714.63;23.87;33.53;0.05;1.00;0.19;-28.43;-220.72;-7.76;
292340;24.93;30.56;100721.85;23.26;33.53;0.16;1.12;0.12;-102.29;-196.09;-37.56;
292457;24.93;30.55;100721.44;23.29;33.53;0.57;1.40;-0.10;-94.95;-232.89;-118.90;
292576;24.93;30.56;100722.19;23.20;33.53;0.35;0.97;0.03;-3.36;-214.78;-83.33;
292690;24.93;30.56;100722.53;23.20;33.53;0.27;0.84;-0.12;10.99;-213.01;-58.66;
292806;24.93;30.56;100720.50;23.37;33.53;0.23;0.78;-0.07;-50.61;-213.19;-17.95;
292923;24.93;30.52;100717.67;23.61;33.53;0.30;0.84;0.23;24.23;-126.61;37.80;
293037;24.93;30.57;100723.49;23.12;33.53;0.28;1.02;0.12;27.21;-54.67;91.21;
293149;24.93;30.57;100722.94;23.17;33.53;0.44;1.14;-0.36;59.04;75.53;74.47;
293262;24.93;30.57;100722.10;23.24;33.53;0.62;1.26;-0.84;158.06;-2.32;240.00;
293378;24.93;30.57;100721.78;23.27;33.53;0.64;0.64;-0.09;-119.18;66.24;127.02;
293493;24.93;30.56;100715.94;23.75;33.53;0.48;0.14;0.14;-112.98;19.39;-89.18;
293608;33.24;30.54;100713.59;23.95;33.53;0.18;0.46;0.23;-122.52;-195.98;-224.75;
293726;24.93;30.57;100718.88;23.51;33.53;0.05;1.04;0.17;-16.95;-171.21;-25.15;
293841;24.93;30.57;100719.05;23.50;33.53;0.51;1.02;0.34;65.50;-92.78;-48.92;
293955;24.93;30.56;100714.42;23.88;33.53;0.56;0.88;-0.10;5.45;-20.37;-108.70;
294070;24.93;30.58;100718.79;23.52;33.53;0.22;1.09;-0.02;64.79;127.82;192.69;
294185;24.93;30.58;100722.00;23.55;33.53;0.76;0.70;0.19;-28.84;-43.05;44.85;
294299;24.93;30.58;100721.53;23.29;33.53;0.53;0.71;-0.10;62.17;113.33;-86.56;
294529;38.61;30.58;100719.33;23.47;33.53;0.01;1.07;-0.40;134.05;131.65;-53.74;
294644;24.93;30.58;100716.79;23.68;33.53;-0.39;1.19;-0.46;-26.70;62.76;-12.47;
294760;24.93;30.58;100717.47;23.56;33.53;-0.14;0.85;-0.24;-48.53;-116.03;-81.54;
294878;24.93;30.58;100715.92;23.76;33.53;-0.20;0.75;-0.21;21.45;-168.95;-199.62;
294996;24.93;30.58;100717.94;23.59;33.53;-0.32;0.86;-0.20;-22.99;-234.69;-150.60;
295115;24.93;30.59;100719.24;23.48;33.53;-0.16;0.74;0.24;109.05;-96.64;100.53;
295231;24.93;30.58;100718.62;23.53;33.53;1.22;0.95;-0.06;5.22;-87.42;312.26;
295345;24.93;30.58;100723.02;23.16;33.53;-0.01;1.44;-0.67;1.48;121.97;-161.02;
295460;24.93;30.58;100723.19;23.15;33.53;-0.20;1.17;-0.63;-99.82;70.35;-299.80;
295577;24.93;30.59;100720.92;23.34;33.53;-0.48;0.80;-0.47;-58.06;25.31;-191.01;
295695;24.93;30.59;100725.92;22.92;33.53;-0.06;0.18;1.10;-76.49;13.76;-128.69;
295811;24.93;30.57;100722.44;23.21;33.53;-0.79;1.33;-0.45;83.62;112.78;-429.83;
295927;24.93;30.59;100723.90;23.09;33.53;-1.12;0.30;-0.42;-48.15;9.22;-341.83;
296043;24.93;30.59;100723.57;23.12;33.53;-0.73;-0.01;-0.16;-97.66;-110.63;38.41;
296161;26.39;30.52;100715.98;23.75;33.53;-0.80;-0.19;0.00;-116.46;-99.25;-207.57;
296281;31.77;30.50;100711.61;24.12;33.53;-0.94;-0.46;0.51;14.79;21.15;123.25;
296395;24.93;30.56;100721.72;23.27;33.53;-0.95;0.22;-0.21;-25.69;37.15;188.89;
296511;24.93;30.56;100721.04;23.33;33.53;-0.81;0.22;0.10;36.21;12.82;140.47;
296625;24.93;30.58;100723.52;23.12;33.53;-0.79;0.39;0.05;-6.84;53.39;219.71;
296738;24.93;30.58;100722.34;23.22;33.53;-0.63;0.39;0.07;62.08;94.47;261.91;
296852;24.93;30.58;100721.66;23.28;33.53;-0.59;0.84;-0.17;13.45;43.04;104.85;
296967;24.93;30.58;100721.36;23.30;33.53;-0.62;0.85;-0.20;-7.92;-15.04;39.37;
297082;24.93;30.58;100721.16;23.32;33.53;-0.54;0.90;-0.17;-108.44;117.57;253.33;
297200;24.93;30.59;100722.72;23.19;33.53;-0.10;0.99;-0.20;-90.02;73.69;214.66;
297316;24.93;30.59;100721.71;23.27;33.53;-0.19;0.95;-0.09;-27.36;23.86;124.55;
297432;24.93;30.59;100721.71;23.27;33.53;-0.03;1.01;0.00;-45.88;39.11;24.08;
297545;24.93;30.59;100721.53;23.29;33.53;-0.04;1.10;-0.08;-18.46;50.18;9.80;
297659;24.93;30.59;100720.35;23.35;33.53;-0.04;0.99;-0.03;-21.05;46.90;-24.82;
297775;24.93;30.60;100720.32;23.39;33.53;-0.02;0.95;0.14;-27.71;124.64;-50.20;
297891;24.93;30.60;100719.47;23.46;33.53;-0.12;0.89;0.09;1.21;23.88;-81.42;
298004;24.93;30.60;100718.91;23.51;33.53;0.01;1.12;-0.01;-15.76;27.10;44.09;
298118;24.93;30.60;100719.24;23.48;33.53;-0.03;0.94;0.01;-31.77;25.13;77.30;
298231;24.93;30.61;100720.74;23.42;33.53;0.10;0.99;-0.05;-34.41;-33.83;94.53;
298346;24.93;30.60;100718.57;23.53;33.53;0.13;1.17;-0.20;49.10;-52.02;6.09;
298459;24.93;30.61;100722.36;23.22;33.53;0.21;1.00;-0.05;-13.66;-11.53;41.24;
298573;24.93;30.60;100719.07;23.49;33.53;0.11;0.98;0.02;11.08;8.00;-77.45;
298685;24.93;30.60;100715.08;23.83;33.53;0.01;1.03;0.01;4.03;30.95;-31.71;
298798;24.93;30.60;100720.42;23.38;33.53;-0.09;1.00;0.04;10.87;-0.73;-56.60;
298911;24.93;30.61;100718.13;23.21;33.53;-0.10;1.02;0.01;-12.18;-2.34;-4.08;
299025;24.93;30.60;100719.24;23.48;33.53;-0.11;1.01;-0.01;-7.25;-13.59;-12.70;
299141;24.93;30.60;100718.91;23.51;33.53;-0.06;0.99;-0.00;-19.07;-7.44;-1.21;
299255;24.93;30.61;100723.71;23.10;33.53;-0.06;1.01;0.01;-15.94;14.95;-2.56;
299369;24.93;30.61;100719.89;23.42;33.53;-0.18;1.03;0.08;6.26;-6.21;-41.62;
299482;28.84;30.54;100709.71;24.28;33.53;-0.26;1.00;0.09;-21.88;-48.09;-15.22;
299598;23.46;30.53;100709.29;24.31;33.53;-0.26;0.93;0.02;-55.82;-81.07;0.27;
299712;31.28;30.53;100710.47;24.21;33.53;-0.18;1.00;-0.01;-2.31;-175.44;-52.14;
299829;31.28;30.59;100720.25;23.39;33.53;-0.18;0.96;0.08;63.44;-218.96;-7.19;
299943;24.93;30.59;100719.00;23.50;33.53;-0.41;1.06;-0.00;37.21;-255.15;-65.10;
300060;24.93;30.60;100718.23;23.56;33.53;-0.51;0.92;-0.13;2.87;-267.95;-77.18;
300176;24.93;30.60;100719.07;23.49;33.53;-0.32;0.85;0.08;16.73;-195.60;-151.16;
300293;24.93;30.60;100717.55;23.62;33.53;-0.29;0.79;0.17;132.12;-201.24;-37.85;
300410;24.93;30.57;100711.82;24.10;33.53;-0.14;0.88;0.20;17.79;-68.70;89.07;
300524;24.93;30.61;100717.55;23.62;33.53;-0.23;0.87;0.23;83.16;-28.92;-50.47;
300639;24.93;30.61;100718.36;23.55;33.53;-0.50;0.96;0.01;124.55;-45.04;-175.47;
300755;24.93;30.61;100716.10;23.74;33.53;-0.54;0.89;0.09;28.95;-58.24;4.18;
300868;24.93;30.61;100719.14;23.49;33.53;-0.28;1.23;-0.05;22.46;-102.79;47.47;
300984;24.93;30.61;100718.82;23.51;33.53;-0.39;0.73;0.23;42.87;-79.91;-18.66;
301099;24.93;30.62;100719.80;23.43;33.53;-0.41;0.99;-0.19;51.24;-146.60;-48.64;
301216;24.93;30.62;100718.95;23.50;33.53;-0.28;0.79;0.04;11.56;-99.24;24.99;
301330;34.70;30.62;100720.24;23.39;33.53;-0.42;0.93;-0.05;111.56;-71.08;-2.98;
301446;24.93;30.62;100719.89;23.42;33.53;-0.44;0.90;0.09;75.57;-35.59;-4.37;
301559;24.93;30.63;100720.03;23.98;33.53;-0.59;0.94;-0.03;35.16;-8.81;-67.51;
301674;24.93;30.62;100717.19;23.65;33.53;-0.57;0.84;0.07;-43.42;-0.87;39.24;
301788;24.93;30.62;100718.27;23.56;33.53;-0.20;1.16;0.25;42.05;-60.18;177.31;
301902;24.93;30.62;100721.75;23.27;33.53;-0.32;1.07;-0.20;14.05;85.62;67.74;
302017;24.93;30.62;100718.21;23.57;33.53;-0.40;0.77;-0.23;-200.44;32.32;-15.33;
302134;24.93;30.62;100718.21;23.57;33.53;-0.26;0.63;0.28;-195.82;58.47;-99.05;
302249;33.73;30.59;100710.55;24.21;33.53;-0.55;0.78;0.33;-27.42;11.07;-140.38;
302365;24.93;30.63;100717.16;23.65;33.53;-0.41;0.97;0.33;-20.14;45.98;51.94;
302479;24.93;30.64;100718.53;23.54;33.53;-0.51;0.85;0.28;-7.27;-11.01;-62.93;
302594;24.93;30.62;100717.53;23.62;33.53;-0.54;0.79;0.28;-23.98;-5.92;-10.27;
302708;15.64;30.62;100717.03;23.66;33.53;-0.51;0.77;0.28;-4.47;-8.82;8.90;
302821;24.93;30.62;100716.35;23.72;33.53;-0.46;0.81;0.29;-4.03;11.95;9.53;
302932;24.93;30.59;100710.10;24.24;33.53;-0.54;0.79;0.29;6.46;21.44;-9.08;
303044;24.93;30.63;100715.24;23.81;33.53;-0.60;0.78;0.24;4.96;13.19;-5.80;
303156;24.93;30.63;100716.92;23.67;33.53;-0.55;0.79;0.25;-3.74;0.73;0.32;
303267;24.93;30.63;100716.76;23.69;33.53;-0.56;0.80;0.23;-0.41;4.12;-3.47;
303379;24.93;30.62;100715.67;23.78;33.53;-0.59;0.79;0.24;-6.27;-0.23;2.89;
303491;24.93;30.63;100715.58;23.57;33.53;-0.77;1.02;0.49;34.20;-51.91;18.96;
303604;24.93;30.61;100714.41;23.88;33.53;-0.65;1.19;0.03;198.08;-451.25;-288.78;
303722;24.93;30.63;100715.41;23.80;33.53;-0.45;0.20;0.20;69.39;-239.11;-70.61;
303838;24.93;30.64;100716.86;23.68;33.53;-0.42;0.45;0.51;2.67;-75.62;82.69;
303950;24.93;30.63;100715.24;23.81;33.53;-0.46;0.79;0.47;28.67;6.15;76.03;
304063;24.93;30.63;100715.24;23.91;33.53;-0.51;0.72;0.60;6.37;79.53;38.35;
304175;24.93;30.64;100712.97;24.00;33.53;-0.55;0.78;0.55;20.58;-24.85;-37.36;
304289;15.64;30.63;100712.88;24.01;33.53;-0.61;0.69;0.51;-2.61;-51.19;7.89;
304402;24.93;30.65;100718.12;23.57;33.53;-0.47;0.72;0.43;-31.95;-59.16;29.59;
304517;24.93;30.64;100716.16;23.74;33.53;-0.40;0.75;0.55;2.40;-41.59;34.26;
304629;29.33;30.64;100713.11;23.99;33.53;-0.32;0.85;0.39;-1.79;-13.15;-14.35;
304744;24.93;30.64;100713.14;24.12;33.53;-0.34;0.78;0.53;-11.11;1.77;3.15;
304856;24.93;30.64;100714.30;23.89;33.53;-0.41;0.75;0.56;-4.41;19.28;-19.37;
304970;33.73;30.64;100713.66;23.95;33.53;-0.46;0.75;0.52;16.12;25.88;2.14;
305082;24.93;30.65;100717.24;23.65;33.53;-0.53;0.76;0.46;-0.96;8.23;-9.42;
305193;24.93;30.64;100714.30;23.89;33.53;-0.60;0.75;0.47;4.02;-32.52;0.87;
305305;24.93;30.61;100708.16;24.41;33.53;-0.35;0.78;0.49;-31.89;50.29;73.50;
305419;24.93;30.65;100715.25;23.81;33.53;-0.51;0.80;0.41;-7.24;18.38;45.27;
305531;24.93;30.65;100714.71;23.87;33.53;-0.45;0.75;0.45;-2.49;5.79;7.24;
305643;24.93;30.65;100714.57;23.87;33.53;-0.41;0.81;0.45;-1.10;-14.14;13.04;
305757;24.93;30.65;100712.67;24.03;33.53;-0.38;0.77;0.47;0.55;6.26;-25.98;
305868;24.93;30.65;100713.35;23.97;33.53;-0.50;0.80;0.43;0.31;16.05;-18.98;
305981;24.93;30.61;100703.25;24.82;33.53;-0.51;0.78;0.41;-1.54;-4.66;-16.26;
306095;24.93;30.66;100714.98;23.84;33.53;-0.48;0.76;0.40;-1.11;3.04;1.50;
306206;24.93;30.65;100713.19;23.98;33.53;-0.39;0.75;0.32;-4.90;42.55;30.66;
306319;24.93;30.65;100714.71;23.86;33.53;-0.22;0.47;0.07;-19.66;171.57;126.75;
306435;24.93;30.66;100716.67;23.69;33.53;-0.59;0.53;0.24;60.37;114.18;-54.69;
306549;31.28;30.66;100715.96;23.75;33.53;-0.74;0.78;0.31;26.92;103.02;-151.13;
306666;24.93;30.62;100713.64;23.95;33.53;-0.89;0.77;0.05;88.11;86.63;-122.27;
306781;24.93;30.66;100719.35;23.47;33.53;-0.76;0.92;-0.20;28.24;92.76;-30.81;
306895;24.93;30.67;100719.46;23.46;33.53;-0.76;0.70;-0.06;-40.89;58.67;-66.17;
307011;24.93;30.65;100717.75;23.60;33.53;-0.88;0.56;-0.06;-61.65;32.35;-43.71;
307127;24.93;30.65;100716.74;23.69;33.53;-0.79;0.53;-0.07;-28.02;-1.48;10.69;
307241;24.93;30.66;100720.22;23.39;33.53;-0.75;0.56;-0.04;16.09;5.89;-17.62;
307355;24.93;30.61;100708.05;23.68;33.53;-0.86;0.55;-0.16;19.86;-6.00;3.57;
307469;24.93;30.65;100717.75;23.60;33.53;-0.80;0.51;-0.17;17.66;-23.82;24.14;
307584;24.93;30.67;100720.30;23.39;33.53;-0.65;0.54;-0.19;22.60;4.90;42.52;
307696;24.93;30.67;100721.32;23.30;33.53;-0.67;0.64;-0.15;1.28;38.78;-2.44;
307809;24.93;30.66;100720.06;23.41;33.53;-0.89;0.58;-0.34;-44.58;-4.92;-13.47;
308041;24.93;30.66;100722.73;23.19;33.53;-0.74;0.51;-0.07;-21.85;22.61;-44.66;
308157;24.93;30.65;100720.11;23.41;33.53;-0.84;0.61;-0.08;27.16;24.93;-3.15;
308272;54.25;30.66;100720.86;23.34;33.53;-0.91;0.52;-0.17;30.23;-16.85;32.85;
308386;24.93;30.66;100723.07;23.16;33.53;-0.75;0.56;-0.21;8.15;-30.60;39.73;
308500;24.93;30.67;100723.00;23.09;33.53;-0.64;0.52;-0.18;-26.70;-3.15;2.58;
308614;25.42;30.67;100720.44;23.38;33.53;-0.84;0.62;-0.22;-19.44;8.12;2.67;
308726;24.93;30.67;100719.92;23.42;33.53;-0.74;0.56;-0.16;-54.50;-17.51;26.79;
308842;25.42;30.66;100719.35;23.47;33.53;-0.61;0.55;0.11;4.27;6.00;-38.46;
308954;24.93;30.68;100719.69;23.44;33.53;-0.86;0.60;-0.17;33.77;34.90;33.80;
309067;24.93;30.68;100722.57;23.20;33.53;-0.81;0.55;-0.13;-0.08;-0.40;-25.31;
309183;25.42;30.68;100715.82;23.76;33.53;-0.81;0.55;-0.16;15.73;10.17;1.79;
309296;24.93;30.67;100718.24;23.56;33.53;-0.74;0.55;-0.19;9.25;-18.76;28.85;
309409;24.93;30.67;100718.41;23.55;33.53;-0.75;0.58;-0.23;-25.51;-25.50;-6.73;
309525;24.93;30.66;100717.15;23.65;33.53;-0.75;0.54;-0.17;-28.27;-23.22;-6.23;
309641;24.93;30.67;100722.29;23.22;33.53;-0.78;0.57;-0.14;-15.56;-10.37;-15.15;
309757;24.93;30.67;100716.55;23.70;33.53;-0.79;0.56;-0.13;-13.48;-6.14;-7.15;
309872;24.93;30.63;100711.35;24.14;33.53;-0.79;0.53;-0.11;-3.22;-9.92;-10.72;
309988;25.42;30.67;100715.70;23.78;33.53;-0.77;0.55;-0.16;0.84;-0.63;9.95;
310099;25.42;30.68;100718.96;23.50;33.53;-0.75;0.54;-0.16;-14.29;6.87;17.53;
310213;24.93;30.67;100717.90;23.59;33.53;-0.76;0.55;-0.17;-40.63;7.68;-11.36;
310328;24.93;30.67;100718.11;23.57;33.53;-0.81;0.50;-0.14;-40.06;6.26;-19.33;
310443;24.93;30.68;100717.16;23.65;33.53;-0.69;0.55;-0.04;-31.89;36.64;-7.39;
310557;25.42;30.64;100711.42;24.13;33.53;-0.98;0.49;-0.01;24.35;1.44;-47.56;
310671;34.70;30.68;100722.00;23.25;33.53;-0.95;0.53;-0.07;55.30;-52.47;57.76;
310786;24.93;30.68;100722.67;23.19;33.53;-0.72;0.63;-0.08;5.80;-30.37;94.02;
310900;24.93;30.68;100718.35;23.55;33.53;-0.79;0.39;-0.12;42.03;-100.96;-24.93;
311017;24.93;30.68;100720.47;23.38;33.53;-0.58;0.59;-0.03;63.39;-4.81;54.03;
311131;26.39;30.68;100720.21;23.40;33.53;-0.89;0.58;-0.14;69.13;-31.30;-70.99;
311246;24.93;30.63;100709.83;24.27;33.53;-0.89;0.50;-0.13;33.21;-49.85;5.01;
311360;25.42;30.68;100718.51;23.54;33.53;-0.76;0.54;-0.05;75.51;-36.41;18.41;
311475;24.93;30.68;100718.96;23.50;33.53;-0.91;0.59;-0.29;47.82;-29.94;59.83;
311589;24.93;30.68;100718.45;23.55;33.53;-0.66;0.62;-0.15;-49.13;-38.03;-11.11;
311707;24.93;30.68;100721.83;23.26;33.53;-0.84;0.48;-0.07;8.61;-26.21;-57.86;
311822;25.42;30.68;100720.47;23.38;33.53;-0.70;0.57;-0.04;-4.02;10.93;55.01;
312050;25.42;30.69;100722.98;23.16;33.53;-0.78;0.57;-0.08;-17.19;0.44;-6.09;
312164;25.42;30.70;100721.19;23.32;33.53;-0.82;0.53;-0.07;-8.96;2.56;-10.47;
312278;25.42;30.69;100721.97;23.25;33.53;-0.75;0.54;-0.03;2.35;-0.40;2.70;
312389;25.42;30.69;100719.94;23.42;33.53;-0.82;0.57;-0.07;0.75;4.23;-1.48;
312502;25.42;30.69;100721.06;23.33;33.53;-0.81;0.56;-0.04;-18.87;-3.16;-7.07;
312616;25.42;30.65;100715.55;23.09;33.53;-0.88;0.51;-0.11;-1.88;-4.43;-5.56;
312730;24.93;30.69;100720.21;23.40;33.53;-0.69;0.60;-0.08;-1.22;15.15;40.41;
312844;25.42;30.70;100723.06;23.16;33.53;-0.82;0.53;-0.08;-11.83;3.68;-21.73;
312958;25.42;30.69;100722.92;23.17;33.53;-0.82;0.51;-0.07;-8.20;-6.72;8.72;
313071;34.21;30.70;100723.73;23.10;33.53;-0.77;0.54;-0.10;1.08;-5.68;16.29;
313184;24.93;30.70;100723.22;23.15;33.53;-0.78;0.57;-0.11;-11.50;-1.25;0.37;
313297;25.42;30.68;100717.60;23.41;33.53;-0.77;0.54;-0.09;-13.24;3.10;7.54;
313411;25.42;30.69;100718.18;23.57;33.53;-0.80;0.54;-0.08;-11.97;0.66;-4.75;
313525;24.93;30.70;100721.87;23.26;33.53;-0.78;0.55;-0.06;-14.37;-1.18;-1.18;
313639;24.93;30.70;100719.67;23.44;33.53;-0.80;0.56;-0.08;-5.95;-6.87;2.11;
313752;34.70;30.69;100718.42;23.55;33.53;-0.79;0.56;-0.07;-3.76;-8.63;0.72;
313865;24.93;30.70;100719.78;23.43;33.53;-0.74;0.56;-0.06;-2.73;-5.21;5.54;
313977;25.42;30.68;100714.46;23.61;33.53;-0.79;0.55;-0.08;-7.83;-5.95;2.38;
314090;25.42;30.70;100721.19;23.32;33.53;-0.77;0.55;-0.05;-0.92;-1.47;-0.61;
314204;24.93;30.70;100721.13;23.32;33.53;-0.80;0.59;-0.10;-3.77;-4.37;8.95;
314316;25.42;30.70;100717.58;23.62;33.53;-0.75;0.57;-0.06;-14.66;-1.60;5.65;
314431;24.93;30.70;100718.32;23.56;33.53;-0.77;0.54;-0.07;-3.01;-2.72;6.18;
314544;25.42;30.70;100718.93;23.50;33.53;-0.77;0.57;-0.10;-7.77;-9.30;-10.38;
314658;24.93;30.68;100717.58;23.62;33.53;-0.73;0.54;-0.06;-25.13;0.40;-19.95;
314773;25.42;30.70;100717.07;23.66;33.53;-0.83;0.56;-0.02;29.94;21.97;0.50;
314886;25.42;30.70;100719.61;23.45;33.53;-0.88;0.56;-0.12;0.15;-18.02;21.40;
314999;24.93;30.71;100721.88;23.26;33.53;-0.71;0.56;-0.11;5.37;-19.25;14.85;
315113;25.42;30.70;100720.80;23.35;33.53;-0.71;0.60;-0.12;-1.54;6.49;-0.81;
315226;25.42;30.70;100721.30;23.30;33.53;-0.83;0.56;-0.10;-10.29;1.22;-14.47;
315341;25.42;30.71;100719.85;23.43;33.53;-0.75;0.59;-0.08;-18.56;-1.68;1.62;
315455;24.93;30.70;100718.42;23.55;33.53;-0.77;0.55;-0.08;-13.54;1.33;-4.50;
315569;25.42;30.71;100718.16;23.57;33.53;-0.79;0.55;-0.11;-8.35;-0.35;0.87;
315681;25.42;30.71;100720.02;23.41;33.53;-0.75;0.55;-0.07;-7.88;0.89;-3.01;
315794;25.42;30.71;100719.51;23.46;33.53;-0.79;0.55;-0.08;-7.54;0.60;0.55;
315906;25.42;30.71;100719.51;23.46;33.53;-0.77;0.56;-0.08;-9.98;-2.38;-1.68;
316019;25.42;30.72;100719.92;23.42;33.53;-0.77;0.56;-0.08;-9.92;0.03;2.93;
316131;24.44;30.71;100719.41;23.46;33.53;-0.77;0.55;-0.06;-14.12;-0.26;2.63;
316244;25.42;30.71;100721.38;23.30;33.53;-0.80;0.55;-0.09;-8.03;-3.04;-5.95;
316359;25.42;30.72;100721.28;23.31;33.53;-0.76;0.56;-0.08;-7.56;0.02;4.06;
316471;25.42;30.71;100722.05;23.24;33.53;-0.79;0.55;-0.07;-3.66;-3.57;5.42;
316583;25.42;30.72;100722.80;23.18;33.53;-0.77;0.55;-0.09;-7.50;-2.27;3.37;
316696;25.42;30.70;100717.75;23.69;33.53;-0.80;0.56;-0.09;-2.67;-2.58;-2.12;
316810;25.42;30.71;100719.85;23.43;33.53;-0.77;0.56;-0.08;-6.47;-5.05;2.50;
316922;25.42;30.71;100721.38;23.30;33.53;-0.79;0.54;-0.08;-4.23;-2.69;1.97;
317035;25.42;30.71;100718.83;23.51;33.53;-0.77;0.54;-0.08;-8.35;-2.20;0.76;
317148;25.42;30.72;100722.02;23.25;33.53;-0.78;0.57;-0.09;-10.69;-2.72;-6.21;
317263;25.42;30.71;100719.17;23.48;33.53;-0.87;0.66;-0.09;-17.19;-16.00;3.69;
317378;25.42;30.71;100721.27;23.54;33.53;-0.86;0.81;-0.33;-104.15;1.89;141.22;
317494;25.42;30.72;100720.67;23.36;33.53;-0.62;0.70;0.00;-97.53;-11.48;114.55;
317609;25.42;30.72;100722.12;23.24;33.53;-0.77;0.69;0.09;-63.36;-21.37;78.81;
317724;25.42;30.73;100722.20;23.23;33.53;-0.44;0.68;0.14;-83.04;43.89;177.92;
317839;25.42;30.72;100717.22;23.65;33.53;-0.25;0.74;0.34;-76.93;-46.27;-8.18;
317954;25.42;30.72;100718.24;23.56;33.53;-0.64;0.63;0.51;256.63;-34.40;22.78;
318069;25.42;30.72;100719.92;23.42;33.53;-0.37;0.98;-0.11;196.99;1.18;312.67;
318184;25.42;30.73;100722.53;23.20;33.53;0.01;0.72;-0.10;-12.53;-62.14;9.77;
318298;25.42;30.72;100719.42;23.46;33.53;0.00;0.76;-0.17;29.05;0.17;-28.90;
318410;25.42;30.73;100722.20;23.23;33.53;-0.19;1.25;-0.28;30.20;-51.98;-41.53;
318526;25.42;30.68;100715.07;23.83;33.53;-0.16;1.02;-0.21;-26.26;2.18;29.11;
318640;25.42;30.72;100719.92;23.42;33.53;-0.13;0.99;-0.29;-87.50;-165.91;-42.12;
318757;25.42;30.73;100719.66;23.44;33.53;-0.02;0.86;0.16;-83.34;-158.17;-171.71;
318876;25.42;30.73;100721.35;23.30;33.53;-0.46;0.81;0.24;-95.39;-136.79;-84.14;
318993;35.19;30.73;100719.66;23.44;33.53;-0.34;0.92;0.37;-16.85;-27.71;-11.27;
319109;25.42;30.73;100722.36;23.22;33.53;-0.37;0.92;0.32;22.70;-1.34;16.78;
319221;25.42;30.68;100713.21;23.98;33.53;-0.46;0.87;0.26;4.99;-10.79;10.60;
319334;25.42;30.74;100723.14;23.15;33.53;-0.38;0.85;0.29;-2.05;-13.65;-1.25;
319448;25.42;30.74;100721.11;23.32;33.53;-0.37;0.88;0.27;23.18;-0.20;6.26;
319559;25.42;30.74;100720.61;23.25;33.53;-0.43;0.91;0.22;0.78;-10.50;-9.82;
319672;31.77;30.75;100720.82;23.35;33.53;-0.42;0.88;0.23;-5.63;-7.57;11.34;
319785;25.42;30.74;100719.74;23.44;33.53;-0.38;0.87;0.23;-11.73;-2.64;4.99;
319898;25.42;30.70;100713.35;23.97;33.53;-0.38;0.89;0.26;-1.71;-2.49;4.93;
320010;25.42;30.74;100722.10;23.24;33.53;-0.19;0.77;0.31;18.00;9.05;-23.66;
320122;25.42;30.74;100720.24;23.39;33.53;-0.05;0.41;0.28;306.66;183.59;31.63;
320237;25.42;30.75;100722.00;23.25;33.53;-1.02;1.33;-0.76;200.56;-95.36;82.85;
320353;34.70;30.74;100720.10;23.41;33.53;-0.17;1.06;-0.45;-31.19;-34.32;129.83;
320470;25.42;30.75;100718.62;23.53;33.53;-0.21;0.74;-0.26;-125.01;-70.52;-16.75;
320588;25.42;30.71;100716.13;23.74;33.53;-0.09;1.03;-0.32;-120.08;-23.77;-11.74;
320706;25.42;30.75;100721.16;23.32;33.53;-0.37;0.88;0.02;-263.15;-0.46;-164.79;
320823;25.42;30.75;100722.03;23.24;33.53;-0.61;0.71;0.46;-66.06;8.58;13.65;
320935;25.42;30.75;100720.85;23.34;33.53;-0.51;0.75;0.35;-17.94;-4.89;18.69;
321049;25.42;30.74;100717.87;23.59;33.53;-0.40;0.83;0.27;14.40;-18.58;3.22;
321162;25.42;30.75;100719.67;23.44;33.53;-0.42;0.89;0.20;4.06;6.72;9.18;
321273;34.70;30.71;100714.95;23.84;33.53;-0.38;0.72;0.32;16.47;36.18;4.70;
321385;25.42;30.75;100719.47;23.60;33.53;0.09;0.24;0.51;119.65;268.41;118.26;
321500;25.42;30.75;100720.49;23.37;33.53;0.06;0.41;-0.75;207.33;195.79;103.79;
321615;25.42;30.76;100723.60;23.11;33.53;-0.63;2.50;-0.95;280.02;-34.70;-14.34;
321733;31.77;30.75;100721.66;23.28;33.53;-0.62;2.19;-1.05;-109.83;11.88;239.85;
321850;25.42;30.74;100717.03;23.88;33.53;-0.57;0.44;-0.76;-76.53;-15.08;40.37;
321966;25.42;30.76;100712.44;24.05;33.53;0.16;-0.26;0.13;-128.29;175.05;128.67;
322082;25.42;30.74;100713.31;23.98;33.53;0.08;-0.15;0.17;-89.36;128.93;75.18;
322197;25.42;30.75;100715.24;23.81;33.53;0.19;1.21;0.39;-25.34;-4.44;0.79;
322309;25.42;30.76;100717.51;23.62;33.53;0.14;0.94;0.00;22.53;31.98;-20.81;
322421;25.42;30.75;100713.38;23.97;33.53;0.12;1.03;-0.02;48.00;36.31;-19.69;
322536;25.42;30.75;100716.60;23.70;33.53;0.09;0.96;0.02;16.44;126.26;14.26;
322649;25.42;30.75;100714.93;23.84;33.53;0.00;0.82;-0.07;27.95;139.02;36.67;
322762;25.42;30.75;100714.09;23.91;33.53;0.17;0.98;-0.17;12.31;75.89;32.06;
322875;24.93;30.75;100715.07;23.83;33.53;0.21;0.69;0.07;-84.66;50.92;-48.23;
322989;25.42;30.75;100714.22;23.90;33.53;-0.04;0.15;-0.04;-113.88;-173.45;-154.90;
323108;25.42;30.72;100713.00;24.00;33.53;-0.15;0.68;0.29;169.76;-177.97;-220.27;
323226;25.42;30.75;100720.64;23.36;33.53;-0.38;0.92;-0.30;256.21;-24.76;-189.04;
323345;25.42;30.76;100723.94;23.09;33.53;-0.37;1.48;-0.80;258.85;56.44;-135.01;
323462;25.42;30.75;100723.02;23.08;33.53;-0.36;0.91;-0.68;146.47;108.60;-79.53;
323578;25.42;30.75;100722.51;23.20;33.53;-0.27;0.70;-0.75;17.13;203.56;165.82;
323694;25.42;30.76;100721.74;23.27;33.53;0.07;0.88;-0.85;42.11;161.21;-14.21;
323809;25.42;30.73;100718.00;23.58;33.53;-0.18;0.61;-0.90;56.52;80.79;-65.27;
323923;25.42;30.77;100725.05;22.99;33.53;-0.15;0.59;-0.84;-9.74;19.89;-36.41;
324039;25.42;30.76;100724.61;23.03;33.53;-0.12;0.56;-0.78;-13.02;1.51;-33.25;
324154;34.70;30.76;100723.63;23.11;33.53;-0.09;0.53;-0.77;-11.54;-14.63;-7.07;
324270;25.42;30.76;100727.35;22.80;33.53;-0.04;0.59;-0.82;-16.21;-23.27;0.73;
324384;25.42;30.75;100720.99;23.33;33.53;-0.03;0.52;-0.76;-5.48;-11.65;0.03;
324498;25.42;30.73;100715.60;23.78;33.53;-0.02;0.54;-0.77;1.44;-7.79;-1.22;
324611;25.42;30.76;100722.92;23.17;33.53;-0.04;0.54;-0.78;2.12;7.79;2.03;
324722;25.42;30.76;100724.78;23.01;33.53;-0.10;0.54;-0.81;-0.49;-6.14;-4.69;
324836;25.42;30.77;100727.77;22.76;33.53;-0.07;0.51;-0.79;-1.08;-11.73;1.82;
324950;25.42;30.77;100725.67;22.94;33.53;-0.03;0.56;-0.79;-5.07;-6.23;12.44;
325063;24.93;30.77;100730.07;22.57;33.53;-0.05;0.56;-0.78;-6.89;-4.53;-15.27;
325179;25.42;30.73;100718.99;23.33;33.53;-0.07;0.54;-0.80;-12.15;-2.06;6.60;
325293;25.42;30.76;100723.26;23.14;33.53;-0.07;0.54;-0.77;-6.35;-1.85;4.34;
325405;25.42;30.76;100723.42;23.13;33.53;-0.07;0.56;-0.76;-7.24;-2.90;8.78;
325518;25.42;30.78;100725.97;22.91;33.53;-0.07;0.58;-0.80;-14.03;-4.31;3.51;
325632;25.42;30.77;100725.67;22.94;33.53;-0.08;0.54;-0.78;-7.98;-9.24;0.00;
325744;25.42;30.76;100724.11;23.07;33.53;-0.07;0.56;-0.79;-10.37;-9.19;4.32;
325858;25.42;30.76;100723.42;23.13;33.53;-0.06;0.53;-0.77;-4.82;-7.80;-1.05;
325971;25.42;30.77;100725.67;22.94;33.53;-0.05;0.57;-0.77;-5.60;-6.81;-5.13;
326085;25.42;30.77;100724.83;23.01;33.53;-0.08;0.55;-0.79;-4.09;-1.39;-3.33;
326200;25.42;30.78;100727.43;22.79;33.53;-0.08;0.55;-0.77;-3.97;-4.93;-4.00;
326313;7.82;30.77;100725.50;22.95;33.53;-0.09;0.54;-0.79;-3.10;-1.33;-1.39;
326426;25.42;30.77;100723.47;23.13;33.53;-0.08;0.56;-0.78;-6.41;-2.15;0.61;
326539;25.42;30.75;100721.53;23.30;33.53;-0.07;0.54;-0.78;-6.92;2.20;-0.47;
326651;25.42;30.77;100722.96;23.17;33.53;-0.09;0.55;-0.79;-6.89;2.55;-4.49;
326764;25.42;30.78;100725.41;22.96;33.53;-0.09;0.55;-0.78;-6.46;-1.39;-2.34;
326878;25.42;30.78;100724.89;23.01;33.53;-0.10;0.54;-0.78;-6.02;-1.22;-2.08;
326991;25.42;30.78;100725.80;22.93;33.53;-0.08;0.57;-0.79;-8.17;-3.45;-5.94;
327106;25.42;30.78;100723.44;23.13;33.53;-0.08;0.55;-0.77;-7.40;0.70;1.02;
327218;25.42;30.74;100716.35;23.72;33.53;-0.10;0.55;-0.78;-6.12;-5.40;3.39;
327330;25.42;30.78;100720.25;23.39;33.53;-0.08;0.54;-0.77;-3.80;-0.67;2.46;
327443;25.42;30.78;100726.99;22.83;33.53;-0.07;0.58;-0.76;-6.78;-6.55;2.84;
327556;25.42;30.78;100724.56;23.03;33.53;-0.09;0.58;-0.78;-11.21;-2.00;-0.09;
327670;25.42;30.78;100722.53;23.20;33.53;-0.10;0.55;-0.77;-9.08;-5.25;-1.48;
327784;25.42;30.78;100723.21;23.15;33.53;-0.09;0.57;-0.77;-8.09;-9.36;3.16;
327897;25.42;30.75;100718.11;23.57;33.53;-0.09;0.56;-0.76;-7.50;-6.99;2.52;
328009;25.42;30.79;100723.11;23.15;33.53;-0.09;0.54;-0.76;-5.10;-7.21;0.93;
328123;25.42;30.78;100723.21;23.15;33.53;-0.07;0.57;-0.76;-6.64;-6.92;2.64;
328236;25.42;30.78;100723.03;23.16;33.53;-0.08;0.56;-0.78;-2.95;-2.90;2.56;
328348;25.42;30.79;100726.22;22.89;33.53;-0.08;0.57;-0.78;-5.71;-0.37;0.09;
328461;25.42;30.78;100724.73;23.02;33.53;-0.10;0.55;-0.78;-2.87;-1.15;-1.27;
328574;34.70;30.75;100720.99;23.33;33.53;-0.39;0.71;-0.95;-49.92;-48.53;-16.20;
328691;25.42;30.79;100724.97;23.00;33.53;-0.43;1.07;-1.19;-190.58;-241.69;-21.08;
328810;25.42;30.79;100722.94;23.17;33.53;0.03;0.64;-0.48;-224.98;-145.62;302.18;
328929;25.42;30.79;100723.96;23.08;33.53;-0.03;0.45;-0.16;-187.07;-56.67;28.93;
329046;25.42;30.79;100718.10;23.28;33.53;-0.14;0.52;0.04;-39.42;-74.96;-127.73;
329162;25.42;30.79;100720.13;23.41;33.53;-0.22;1.04;-0.09;23.68;-27.18;51.74;
329277;24.93;30.78;100719.99;23.42;33.53;-0.32;1.18;-0.09;4.41;-64.72;-50.58;
329392;25.42;30.78;100719.32;23.47;33.53;-0.29;1.22;-0.22;-33.01;-46.27;107.65;
329508;25.42;30.78;100718.13;23.57;33.53;-0.12;0.93;-0.15;-57.73;-60.03;3.57;
329623;25.42;30.80;100722.74;23.19;33.53;-0.22;0.93;-0.07;-9.28;-31.05;12.27;
329739;25.42;30.79;100719.89;23.42;33.53;-0.27;1.00;0.00;-4.37;-61.37;57.86;
329852;25.42;30.79;100719.05;23.50;33.53;-0.10;0.87;0.11;44.08;-82.56;86.84;
329966;25.42;30.79;100717.70;23.61;33.53;0.04;0.92;0.07;-18.78;13.97;43.60;
330079;25.42;30.79;100719.57;23.45;33.53;-0.03;1.02;0.08;-48.12;4.69;-27.34;
330192;25.42;30.79;100720.57;23.37;33.53;-0.13;1.06;0.14;-57.10;-20.49;-3.39;
330307;25.42;30.80;100721.22;23.31;33.53;0.10;0.92;0.44;-0.18;-13.40;30.82;
330420;25.42;30.79;100717.19;23.65;33.53;0.56;0.61;0.38;118.44;152.60;70.26;
330533;25.42;30.79;100719.72;23.44;33.53;0.36;1.08;-0.28;151.02;111.39;-172.32;
330651;25.42;30.80;100720.88;23.34;33.53;-0.48;0.97;-0.20;23.94;123.15;-330.37;
330768;24.93;30.76;100715.82;23.76;33.53;-0.87;0.64;-0.35;-124.92;77.39;-99.25;
330885;25.42;30.80;100719.36;23.47;33.53;-0.58;0.80;-0.39;-84.27;29.07;-74.09;
331000;25.42;30.81;100721.46;23.29;33.53;-0.52;0.80;-0.24;47.73;-13.13;58.79;
331115;34.70;30.81;100719.10;23.49;33.53;-0.53;0.79;-0.26;21.68;-19.11;-35.51;
331231;24.93;30.79;100717.53;23.49;33.53;-0.43;0.79;-0.21;2.23;-63.47;9.07;
331344;25.42;30.80;100720.54;23.37;33.53;-0.59;1.40;-0.50;-30.40;-74.64;89.42;
331460;25.42;30.76;100713.14;23.99;33.53;-0.16;1.01;-0.11;-124.75;-134.75;211.57;
331579;25.42;30.80;100720.64;23.36;33.53;0.11;0.66;0.20;-102.84;-70.63;106.69;
331695;33.73;30.80;100717.10;23.44;33.53;-0.09;0.57;0.25;-23.16;-131.51;16.29;
331810;24.93;30.80;100716.82;23.68;33.53;-0.06;1.04;0.23;36.00;-152.64;-24.31;
331926;25.42;30.79;100716.68;23.69;33.53;-0.11;0.90;0.05;25.53;-83.45;-18.76;
332041;25.42;30.79;100718.71;23.52;33.53;-0.00;1.05;0.07;19.77;-42.84;10.37;
332155;34.70;30.75;100709.32;24.31;33.53;-0.17;1.40;0.06;-14.05;31.25;-31.57;
332270;24.93;30.79;100714.79;23.85;33.53;-0.15;1.29;0.08;-18.14;55.13;162.90;
332385;24.93;30.80;100716.42;23.71;33.53;0.09;0.77;0.21;-87.30;45.65;130.12;
332498;24.93;30.80;100713.27;23.98;33.53;-0.06;0.06;0.44;1.65;-3.47;15.83;
332610;30.79;30.73;100706.81;24.52;33.53;-0.01;0.26;0.10;57.56;-12.24;-94.99;
332725;29.81;30.72;100707.75;24.44;33.53;-0.20;0.87;-0.20;104.14;-11.30;-108.61;
332843;24.93;30.74;100720.49;23.37;33.53;-0.17;1.59;-0.41;83.11;-8.37;-1.94;
332957;36.66;30.77;100719.92;23.42;33.53;-0.36;1.35;-0.36;68.29;49.30;107.19;
333072;24.93;30.78;100721.69;23.27;33.53;-0.31;1.28;-0.40;46.73;-47.37;49.74;
333187;25.42;30.79;100721.92;23.25;33.53;-0.04;0.95;-0.38;44.03;-91.94;-101.13;
333303;25.42;30.79;100721.75;23.27;33.53;-0.08;1.09;-0.62;-17.08;-69.05;-65.73;
333420;25.42;30.79;100717.93;23.59;33.53;-0.15;0.52;-0.27;-14.29;60.21;-34.52;
333536;25.42;30.79;100718.21;23.57;33.53;-0.70;0.51;-0.37;-74.06;24.05;-147.65;
333654;24.93;30.80;100718.45;23.55;33.53;-0.58;0.67;-0.08;-37.56;-36.47;-29.50;
333770;24.93;30.79;100721.42;23.48;33.53;-0.51;0.71;-0.05;-9.25;38.27;-53.73;
333885;24.93;30.80;100722.17;23.23;33.53;-0.84;0.85;-0.30;-8.29;70.60;-15.40;
334000;24.93;30.80;100718.11;23.57;33.53;-0.75;0.83;-0.33;-3.30;19.31;22.82;
334113;24.93;30.80;100719.69;23.44;33.53;-0.59;0.72;-0.27;-28.49;-6.53;25.47;
334228;24.93;30.80;100720.64;23.36;33.53;-0.47;0.63;-0.18;-31.36;-30.08;5.51;
334343;24.93;30.80;100721.49;23.19;33.53;-0.58;0.72;-0.25;-1.25;16.96;28.69;
334571;24.93;30.80;100720.47;23.38;33.53;-0.53;0.82;-0.31;2.05;8.55;13.98;
334683;24.93;30.81;100720.55;23.37;33.53;-0.50;0.77;-0.25;4.52;10.29;8.92;
334794;25.42;30.81;100721.63;23.28;33.53;-0.48;0.77;-0.27;-12.12;0.40;-0.40;
334908;25.42;30.82;100717.28;23.64;33.53;-0.51;0.78;-0.28;-7.37;9.05;-5.01;
335021;24.93;30.80;100719.46;23.46;33.53;-0.50;0.79;-0.27;2.08;1.77;-2.70;
335132;25.42;30.81;100717.23;23.64;33.53;-0.48;0.81;-0.30;-1.50;2.63;8.12;
335244;25.42;30.80;100717.94;23.59;33.53;-0.50;0.77;-0.29;-13.98;-4.93;0.87;
335357;24.93;30.80;100718.28;23.56;33.53;-0.49;0.75;-0.27;-14.34;-10.49;-4.06;
335474;25.42;30.81;100719.03;23.50;33.53;-0.49;0.81;-0.32;4.64;-1.01;8.21;
335586;24.93;30.82;100720.79;23.35;33.53;-0.46;0.81;-0.29;-4.26;-7.16;4.85;
335698;25.42;30.82;100718.63;23.53;33.53;-0.48;0.78;-0.29;-8.72;-0.53;0.78;
335811;24.93;30.83;100720.86;23.40;33.53;-0.50;0.79;-0.30;-10.27;-2.03;4.89;
335925;30.79;30.75;100711.35;24.14;33.53;-0.47;0.80;-0.26;-11.18;-4.63;-0.70;
336039;30.79;30.75;100710.17;24.24;33.53;-0.48;0.82;-0.29;-11.19;-2.53;8.34;
336153;25.42;30.76;100715.99;23.75;33.53;-0.49;0.79;-0.27;-12.02;-1.08;15.95;
336268;25.42;30.79;100717.86;23.59;33.53;-0.42;0.87;-0.26;-31.77;18.18;34.46;
336384;25.42;30.79;100718.03;23.58;33.53;-0.41;0.83;-0.25;-23.65;4.76;5.88;
336496;34.70;30.80;100721.49;23.29;33.53;-0.40;0.85;-0.22;-6.87;0.66;13.97;
336609;24.93;30.81;100720.27;23.39;33.53;-0.40;0.83;-0.18;-20.96;-20.34;-6.08;
336724;25.42;30.78;100713.74;23.94;33.53;-0.61;0.85;-0.20;4.24;1.21;22.95;
336836;34.21;30.81;100717.50;23.62;33.53;-0.76;0.54;-0.31;-95.08;-167.95;-19.92;
336954;24.93;30.82;100720.79;23.35;33.53;-0.69;0.56;-0.23;-77.44;-120.73;134.49;
337072;25.42;30.83;100721.53;23.29;33.53;-0.21;1.23;0.58;130.00;-355.18;-13.62;
337189;25.42;30.82;100718.76;23.52;33.53;-0.96;1.06;-0.53;177.15;-332.23;76.67;
337306;25.42;30.82;100721.81;23.26;33.53;-0.42;0.76;-0.26;-18.64;-349.57;-114.32;
337425;25.42;30.83;100722.89;23.17;33.53;-0.56;0.60;0.10;44.79;-228.67;-95.95;
337541;25.42;30.84;100720.30;23.39;33.53;-0.52;0.72;0.22;53.53;-209.37;-53.04;
337656;62.07;30.83;100718.67;23.53;33.53;-0.43;0.89;0.32;51.25;-153.36;-45.42;
337772;25.42;30.82;100717.92;23.59;33.53;-0.53;0.76;0.41;34.99;-115.76;-79.27;
337889;25.42;30.83;100719.00;23.47;33.53;-0.61;0.89;0.28;27.80;-98.21;-50.60;
338003;25.42;30.84;100720.80;23.35;33.53;-0.43;0.75;0.49;46.21;-106.29;-51.02;
338119;25.42;30.84;100722.12;23.24;33.53;-0.46;0.83;0.36;74.84;-83.53;42.72;
338233;25.42;30.84;100720.10;23.41;33.53;-0.33;0.81;0.34;-20.15;-91.95;-14.34;
338349;25.42;30.84;100722.97;23.16;33.53;-0.41;0.74;0.56;13.05;-111.97;-71.53;
338464;25.42;30.84;100723.30;23.14;33.53;-0.51;0.98;0.71;27.31;-73.66;3.18;
338577;25.42;30.83;100721.03;23.33;33.53;-0.57;0.60;0.56;55.82;-122.96;-62.08;
338694;25.42;30.84;100722.28;23.22;33.53;-0.53;0.51;0.37;80.03;-81.86;-7.28;
338807;25.42;30.85;100724.77;23.01;33.53;-0.42;0.70;0.31;29.42;-83.62;-36.63;
338922;25.42;30.84;100723.14;23.15;33.53;-0.45;0.80;0.45;4.37;-30.08;-61.45;
339036;7.82;30.84;100720.94;23.20;33.53;-0.54;0.89;0.50;33.92;6.02;-0.63;
339147;25.42;30.84;100721.44;23.29;33.53;-0.55;0.82;0.29;-8.34;11.69;19.08;
339260;25.42;30.84;100719.42;23.46;33.53;-0.25;0.83;0.60;27.45;-10.67;56.12;
339374;25.42;30.84;100721.27;23.31;33.53;-0.41;0.71;0.54;-28.43;-43.60;-103.40;
339490;25.42;30.84;100719.42;23.46;33.53;-0.36;0.64;0.66;93.45;-118.31;10.17;
339605;25.42;30.84;100718.57;23.53;33.53;-0.55;0.97;0.39;38.85;-182.76;-67.69;
339721;25.42;30.85;100719.18;23.48;33.53;-0.36;0.91;0.54;65.40;-149.47;-17.30;
339837;46.43;30.85;100718.17;23.57;33.53;-0.38;0.62;0.47;100.00;-124.31;-45.82;
339954;25.42;30.85;100720.33;23.39;33.53;-0.64;0.94;0.24;40.84;-68.20;-29.69;
340069;24.93;30.86;100719.60;23.45;33.53;-0.23;0.75;0.41;-72.32;-89.51;-21.02;
340185;25.42;30.86;100720.10;23.41;33.53;-0.30;0.74;0.56;-45.45;24.79;-29.63;
340299;25.42;30.83;100716.13;23.74;33.53;-0.56;0.73;0.37;63.54;24.61;-42.23;
340413;25.42;30.86;100720.44;23.38;33.53;-0.29;1.11;0.66;38.09;-11.48;12.11;
340527;25.42;30.86;100720.71;23.36;33.53;-0.50;0.67;0.47;22.32;-151.73;-22.58;
340643;24.93;30.86;100718.41;23.55;33.53;-0.23;0.80;0.51;59.24;-171.53;-17.05;
340759;24.93;30.87;100719.83;23.43;33.53;-0.57;1.15;0.28;18.92;-94.23;-83.97;
340874;24.93;30.86;100719.53;23.45;33.53;-0.22;0.62;0.42;-10.09;-145.45;2.29;
340988;25.42;30.83;100713.08;23.99;33.53;-0.28;0.76;0.47;36.53;-59.18;-84.43;
341103;24.93;30.86;100715.64;23.78;33.53;-0.31;0.83;0.61;65.02;-45.92;-47.65;
341218;25.42;30.86;100716.49;23.55;33.53;-0.47;0.74;0.55;72.81;-90.85;-115.98;
341335;25.42;30.86;100717.33;23.64;33.53;-0.65;0.76;0.38;47.27;-121.77;-83.11;
341450;24.93;30.86;100716.66;23.69;33.53;-0.43;0.77;0.45;-6.41;-95.01;-19.48;
341565;24.93;30.86;100718.85;23.51;33.53;-0.45;0.85;0.47;9.18;-40.55;-19.82;
341679;25.42;30.84;100713.67;23.94;33.53;-0.44;0.76;0.49;-13.48;-26.23;4.82;
341792;25.42;30.88;100722.72;23.32;33.53;-0.35;0.69;0.47;-3.80;-31.95;29.82;
341906;25.42;30.88;100721.60;23.28;33.53;-0.19;0.87;0.53;56.58;2.17;-9.30;
342018;25.42;30.87;100718.14;23.57;33.53;-0.32;1.04;0.31;-18.37;22.21;22.35;
342131;25.42;30.87;100720.61;23.36;33.53;-0.25;0.87;0.67;-26.85;-10.47;-7.16;
342247;25.42;30.87;100718.82;23.51;33.53;-0.46;0.69;0.46;-32.78;-80.43;-10.50;
342363;25.42;30.85;100716.47;23.67;33.53;-0.24;0.80;0.55;21.59;-12.87;14.35;
342476;24.93;30.86;100720.21;23.40;33.53;-0.25;0.85;0.51;-10.09;3.44;-0.26;
342589;25.42;30.87;100720.96;23.33;33.53;-0.36;0.81;0.52;-3.40;12.31;-4.67;
342702;24.93;30.86;100716.82;23.68;33.53;-0.34;0.83;0.49;-14.58;-8.14;15.16;
342815;25.42;30.87;100717.91;23.59;33.53;-0.28;0.81;0.53;-14.70;8.29;3.05;
342927;25.42;30.87;100720.45;23.38;33.53;-0.34;0.79;0.53;-13.53;20.60;-2.55;
343041;25.42;30.84;100713.83;23.93;33.53;-0.34;0.84;0.53;-12.92;6.34;3.77;
343153;24.93;30.87;100719.10;23.49;33.53;-0.35;0.79;0.53;-11.73;2.31;3.51;
343265;24.93;30.88;100720.86;23.34;33.53;-0.33;0.81;0.52;-0.60;0.34;2.95;
343375;24.93;30.86;100715.14;23.82;33.53;-0.33;0.83;0.51;-6.85;3.42;-0.64;
343487;25.42;30.88;100721.20;23.32;33.53;-0.35;0.80;0.52;-9.65;-2.90;-3.31;
343601;25.42;30.88;100720.18;23.40;33.53;-0.35;0.80;0.54;-3.19;1.51;-3.57;
343712;25.42;30.85;100711.24;24.15;33.53;-0.32;0.81;0.53;-4.99;-1.82;7.44;
343824;25.42;30.87;100716.22;23.73;33.53;-0.33;0.78;0.54;-12.63;-4.23;-4.52;
343938;34.70;30.88;100719.85;23.48;33.53;-0.38;0.83;0.52;2.61;-10.87;-6.53;
344050;24.93;30.88;100720.35;23.39;33.53;-0.34;0.83;0.51;-6.67;-8.37;1.34;
344162;24.93;30.89;100719.30;23.47;33.53;-0.38;0.79;0.53;-0.95;-8.69;5.63;
344273;24.93;30.89;100720.14;23.40;33.53;-0.33;0.84;0.52;-8.53;-11.62;3.48;
344386;24.93;30.85;100713.23;23.98;33.53;-0.33;0.78;0.55;0.26;-6.12;7.54;
344498;34.70;30.89;100720.60;23.37;33.53;-0.33;0.83;0.50;-2.98;-3.65;3.74;
344609;24.93;30.89;100717.10;23.66;33.53;-0.30;0.80;0.52;-9.89;5.94;0.56;
344721;25.42;30.89;100719.98;23.42;33.53;-0.40;0.83;0.48;-18.43;3.11;-8.37;
344834;24.93;30.89;100717.89;23.69;33.53;-0.33;0.78;0.55;-8.93;2.40;14.00;
344945;25.42;30.89;100718.22;23.56;33.53;-0.29;0.83;0.56;-0.43;24.89;-8.73;
345058;28.35;30.87;100715.54;23.79;33.53;-0.49;0.79;0.51;-22.14;-19.56;-5.10;
345174;25.42;30.89;100717.04;23.66;33.53;-0.26;0.79;0.53;3.91;-10.50;22.63;
345286;24.93;30.90;100719.55;23.45;33.53;-0.31;0.82;0.53;-9.40;13.62;-17.80;
345400;25.42;30.89;100722.11;23.24;33.53;-0.42;0.78;0.55;-1.34;-9.88;-3.98;
345512;25.42;30.90;100722.52;23.37;33.53;-0.33;0.79;0.51;-0.79;-18.76;7.13;
345625;25.42;30.89;100720.14;23.40;33.53;-0.32;0.80;0.52;-3.10;-8.61;-8.64;
345738;34.70;30.88;100717.99;23.58;33.53;-0.36;0.83;0.52;-2.23;-5.50;-1.51;
345850;24.93;30.90;100719.99;23.42;33.53;-0.36;0.82;0.52;-5.82;-10.31;-1.54;
345964;25.42;30.89;100715.69;23.78;33.53;-0.36;0.81;0.51;-7.98;-12.93;0.70;
346077;25.42;30.89;100717.72;23.61;33.53;-0.34;0.82;0.52;-3.65;-4.31;1.08;
346189;25.42;30.90;100717.79;23.60;33.53;-0.34;0.79;0.52;-2.93;-6.00;5.07;
346301;24.93;30.89;100720.60;23.51;33.53;-0.33;0.82;0.49;-7.56;-1.21;0.47;
346413;24.93;30.87;100714.02;23.92;33.53;-0.36;0.81;0.51;-12.70;5.25;-1.66;
346525;25.42;30.90;100718.19;23.57;33.53;-0.32;0.81;0.54;-2.64;3.28;6.85;
346637;25.42;30.90;100720.67;23.36;33.53;-0.34;0.82;0.54;-9.28;5.28;-9.22;
346748;25.42;30.89;100715.69;23.78;33.53;-0.40;0.79;0.52;-4.24;-9.69;-1.05;
346861;25.42;30.90;100719.55;23.45;33.53;-0.35;0.82;0.49;-5.51;-2.41;-3.86;
346974;25.42;30.90;100719.64;23.44;33.53;-0.36;0.81;0.53;-5.92;-1.27;0.24;
347085;25.42;30.90;100719.48;23.46;33.53;-0.37;0.82;0.51;-14.56;-6.96;3.68;
347198;34.70;30.90;100715.76;23.77;33.53;-0.35;0.79;0.53;-5.77;-6.64;-0.50;
347311;25.42;30.91;100718.41;23.55;33.53;-0.34;0.81;0.53;-6.60;1.48;-2.55;
347422;25.42;30.90;100718.13;23.57;33.53;-0.39;0.81;0.52;-6.87;-5.82;1.79;
347534;25.42;30.90;100717.46;23.63;33.53;-0.35;0.80;0.51;-7.36;-8.38;4.26;
347646;25.42;30.90;100717.79;23.60;33.53;-0.35;0.80;0.54;-7.94;-2.47;-1.10;
347759;25.42;30.90;100718.80;23.52;33.53;-0.36;0.80;0.52;-3.24;-5.31;0.95;
347871;25.42;30.91;100715.49;23.79;33.53;-0.38;0.84;0.52;-4.41;-2.92;-0.92;
347983;25.42;30.88;100711.89;23.43;33.53;-0.36;0.81;0.52;-8.85;-6.85;9.28;
348095;25.42;30.92;100720.67;23.36;33.53;-0.32;0.79;0.53;-7.94;-4.56;9.30;
348207;25.42;30.91;100721.75;23.27;33.53;-0.36;0.80;0.53;-2.40;-0.15;4.47;
348318;34.70;30.91;100721.58;23.28;33.53;-0.31;0.81;0.54;-0.44;-2.34;5.28;
348430;24.93;30.91;100720.23;23.39;33.53;-0.17;0.75;0.61;34.98;7.42;-10.96;
348542;25.42;30.91;100722.26;23.23;33.53;-0.38;0.80;0.40;61.59;25.51;-138.73;
348657;25.42;30.88;100713.92;23.92;33.53;-0.66;0.76;0.35;0.02;43.94;-48.27;
348771;25.42;30.92;100721.66;23.32;33.53;-0.58;0.74;0.42;31.57;19.66;9.33;
348882;25.42;30.92;100721.66;23.28;33.53;-0.51;0.59;0.44;60.52;58.08;14.75;
348995;25.42;30.91;100719.89;23.42;33.53;-0.63;0.39;0.24;181.74;59.28;-24.75;
349110;25.42;30.92;100716.96;23.67;33.53;-0.54;1.13;-0.14;71.44;98.93;207.07;
349224;25.42;30.92;100719.46;23.46;33.53;-0.23;1.03;-0.07;84.92;-62.40;113.94;
349340;25.42;30.91;100717.53;23.62;33.53;0.00;0.69;-0.26;110.85;32.43;217.60;
349455;25.42;30.92;100717.25;23.65;33.53;-0.15;0.86;-0.36;84.12;-76.90;101.91;
349572;25.42;30.91;100714.99;23.83;33.53;0.22;0.99;-0.42;-128.21;-20.17;-23.66;
349688;25.42;30.91;100716.34;23.72;33.53;-0.03;0.88;-0.30;-25.18;-101.57;-71.04;
349806;25.42;30.92;100720.00;23.42;33.53;-0.17;0.96;-0.42;41.86;-293.94;-138.58;
349924;25.42;30.92;100717.09;23.66;33.53;-0.46;0.77;-0.11;135.10;-388.02;-175.10;
350043;25.42;30.92;100719.96;23.42;33.53;-0.28;0.96;-0.11;-1.62;10.49;216.63;
350157;7.82;30.93;100721.60;23.28;33.53;-0.37;0.99;-0.22;-77.19;-50.63;-93.16;
350274;25.42;30.92;100717.80;23.69;33.53;-0.20;0.68;0.17;-24.66;111.30;-70.92;
350390;25.42;30.91;100716.00;23.75;33.53;-0.64;0.65;-0.43;85.86;316.84;12.15;
350504;25.42;30.93;100721.22;23.31;33.53;-0.37;0.89;-0.56;27.59;29.22;29.02;
350618;32.75;30.93;100722.40;23.21;33.53;-0.18;0.78;-0.44;-4.27;45.04;58.32;
350732;25.42;30.92;100718.78;23.52;33.53;-0.31;0.83;-0.51;-30.70;4.70;-43.76;
350846;25.42;30.93;100721.73;23.55;33.53;-0.24;0.90;-0.20;-55.22;-201.89;289.68;
350964;25.42;30.93;100717.33;23.64;33.53;-0.04;1.02;-0.13;-56.98;-45.18;114.44;
351082;25.42;30.93;100719.22;23.48;33.53;-0.27;0.92;-0.17;52.24;94.23;-13.36;
351197;25.42;30.93;100719.86;23.43;33.53;-0.12;1.03;0.06;-68.90;16.43;-136.55;
351312;25.42;30.93;100720.75;23.57;33.53;-0.29;1.06;-0.27;41.27;-43.39;-318.02;
351429;25.42;30.94;100719.97;23.42;33.53;-0.23;0.76;-0.41;154.61;-152.55;2.79;
351545;25.42;30.89;100710.78;24.19;33.53;-0.38;0.96;-0.40;102.66;-128.72;112.05;
351663;25.42;30.93;100717.84;23.60;33.53;-0.25;0.97;-0.21;-1.95;-161.42;61.77;
351779;34.70;30.93;100716.52;23.72;33.53;-0.25;1.04;-0.24;73.39;-73.53;31.37;
351894;25.42;30.93;100717.33;23.64;33.53;-0.09;0.82;-0.01;-69.47;-111.25;15.11;
352011;25.42;30.93;100717.16;23.65;33.53;-0.23;0.96;-0.05;-150.24;-212.50;-3.31;
352129;25.42;30.93;100718.35;23.55;33.53;-0.30;0.89;0.18;-167.48;-141.42;30.96;
352245;25.42;30.91;100714.68;23.51;33.53;-0.25;0.83;0.15;92.49;66.38;-49.68;
352359;34.70;30.94;100719.97;23.42;33.53;-0.25;0.84;-0.00;32.23;129.36;-154.58;
352477;25.42;30.94;100721.80;23.27;33.53;-0.70;0.75;-0.14;-121.18;258.58;-186.85;
352595;25.42;30.92;100714.89;23.84;33.53;-0.60;0.70;-0.01;-86.56;39.60;-51.33;
352711;25.42;30.93;100716.49;23.57;33.53;-0.66;0.66;0.05;78.49;98.87;-36.00;
352825;25.42;30.94;100720.78;23.35;33.53;-0.54;0.79;-0.19;-29.57;86.81;18.46;
352940;25.42;30.94;100719.77;23.43;33.53;-0.59;0.69;-0.28;-115.65;-28.93;18.41;
353056;25.42;30.94;100720.45;23.38;33.53;-0.68;0.80;-0.04;10.73;-70.18;-10.92;
353172;25.42;30.94;100719.10;23.49;33.53;-0.60;0.89;-0.07;114.92;-67.27;57.80;
353289;25.42;30.95;100719.71;23.44;33.53;-0.52;0.81;-0.21;47.92;-76.34;99.54;
353403;25.42;30.93;100718.00;23.58;33.53;-0.28;0.68;-0.34;47.80;146.20;71.82;
353518;25.42;30.94;100717.74;23.60;33.53;-0.31;0.71;-0.41;93.48;500.26;-14.61;
353634;25.42;30.95;100718.12;23.57;33.53;-0.13;0.95;-0.67;70.27;332.75;149.69;
353750;25.42;30.94;100717.74;23.95;33.53;-0.14;0.84;-0.64;78.69;-46.56;-64.66;
353865;25.42;30.95;100720.05;23.41;33.53;-0.08;0.84;-0.54;-151.50;-162.87;-219.80;
353986;25.42;30.95;100721.50;23.29;33.53;-0.46;0.79;-0.61;-129.59;-106.50;26.85;
354104;25.42;30.95;100719.13;23.49;33.53;-0.20;0.71;-0.37;-6.35;-44.53;-97.11;
354220;34.70;30.95;100717.78;23.60;33.53;-0.55;0.88;-0.38;-22.12;-315.65;-139.71;
354338;7.82;30.95;100718.46;23.55;33.53;-0.52;0.81;-0.46;84.46;55.68;62.78;
354451;25.42;30.94;100716.25;23.73;33.53;-0.51;1.07;-0.55;25.56;296.23;270.11;
354567;25.42;30.96;100720.05;23.41;33.53;-0.11;0.90;-0.56;-105.30;-50.82;198.89;
354685;25.42;30.94;100718.42;23.55;33.53;0.11;0.68;-0.49;-60.17;17.92;236.70;
354800;46.43;30.92;100711.85;24.10;33.53;0.29;0.66;-0.33;-51.59;-39.15;209.83;
354916;25.42;30.95;100712.37;24.05;33.53;0.34;0.82;-0.24;-148.27;-14.95;121.08;
355033;25.42;30.95;100714.30;23.89;33.53;0.80;0.70;-0.06;-121.07;-37.11;-74.05;
355149;25.42;30.95;100715.24;23.81;33.53;0.41;0.91;-0.08;12.98;-50.89;66.69;
355263;25.42;30.95;100714.91;23.84;33.53;0.54;0.82;-0.30;43.92;-63.80;38.35;
355377;25.42;30.95;100714.74;23.85;33.53;0.53;0.85;-0.39;38.55;-17.39;21.28;
355491;25.42;30.91;100710.60;24.20;33.53;0.54;0.79;-0.40;9.77;9.60;27.53;
355602;25.42;30.96;100718.36;23.55;33.53;0.53;0.79;-0.29;-17.74;3.22;-2.02;
355716;25.42;30.96;100716.74;23.69;33.53;0.52;0.79;-0.22;-1.51;-6.85;32.82;
355828;25.42;30.95;100716.60;23.63;33.53;0.57;0.64;-0.34;5.31;-45.28;22.20;
355941;25.42;30.96;100717.92;23.59;33.53;0.63;0.65;-0.37;8.58;-32.75;10.11;
356054;25.42;30.96;100716.06;23.75;33.53;0.69;0.44;-0.31;-172.46;-211.69;-186.32;
356172;25.42;30.92;100711.85;24.10;33.53;0.05;0.63;-0.11;-94.98;70.18;-450.17;
356288;25.42;30.95;100716.60;23.70;33.53;-0.48;1.10;-0.29;-6.75;215.28;-216.98;
356405;25.42;30.96;100717.69;23.61;33.53;-0.22;1.18;-0.45;-43.53;270.09;5.86;
356520;35.19;30.96;100715.82;23.76;33.53;-0.43;0.86;-0.21;-165.10;-39.62;-192.14;
356639;15.64;30.96;100717.69;23.61;33.53;-0.19;0.78;-0.04;2.81;135.60;-80.87;
356754;25.42;30.96;100719.21;23.48;33.53;-0.50;0.91;-0.19;118.18;60.44;85.01;
356869;25.42;30.94;100716.60;23.70;33.53;-0.32;0.94;-0.27;109.30;-9.42;118.24;
356984;25.42;30.97;100721.38;23.30;33.53;-0.25;0.93;-0.53;18.72;-145.73;43.50;
357100;25.42;30.97;100721.38;23.30;33.53;-0.27;0.84;-0.68;41.73;-92.20;48.90;
357216;25.42;30.95;100716.42;23.71;33.53;-0.28;0.70;-0.30;-45.57;-16.95;29.65;
357331;25.42;30.96;100721.41;23.30;33.53;-0.24;0.80;-0.25;4.26;-40.72;70.89;
357445;25.42;30.96;100720.22;23.39;33.53;-0.28;0.87;-0.36;38.66;1.60;3.08;
357557;25.42;30.96;100720.05;23.41;33.53;-0.26;0.87;-0.29;-24.64;0.53;-12.49;
357671;25.42;30.96;100717.17;23.65;33.53;-0.20;0.84;-0.45;7.24;51.44;17.71;
357784;25.42;30.97;100721.32;23.30;33.53;-0.21;0.86;-0.38;8.38;31.48;-23.33;
357898;25.42;30.96;100717.24;23.65;33.53;-0.17;0.85;-0.55;-15.42;16.90;-33.05;
358013;25.42;30.97;100719.78;23.43;33.53;-0.18;0.76;-0.51;-19.71;29.88;-19.80;
358130;25.42;30.97;100719.96;23.42;33.53;-0.23;0.79;-0.50;12.44;5.19;-2.58;
358243;25.42;30.97;100723.67;23.11;33.53;-0.34;1.01;-0.38;31.68;-78.64;49.69;
358358;25.42;30.97;100720.13;23.41;33.53;-0.22;0.85;-0.60;-18.24;-130.66;51.51;
358474;25.42;30.98;100720.60;23.37;33.53;-0.12;0.69;-0.50;-3.94;-84.12;57.63;
358589;25.42;30.98;100718.85;23.51;33.53;-0.03;0.79;-0.42;27.22;-29.65;-7.54;
358704;25.42;30.97;100717.32;23.64;33.53;-0.12;0.94;-0.44;18.37;-0.72;3.79;
358816;25.42;30.97;100720.46;23.38;33.53;-0.22;0.87;-0.44;1.97;33.33;10.67;
358930;25.42;30.98;100720.71;23.36;33.53;-0.33;0.80;-0.43;6.64;27.15;5.34;
359042;25.42;30.98;100722.74;23.19;33.53;-0.28;0.81;-0.40;28.49;3.71;-4.96;
359154;25.42;30.97;100721.99;23.25;33.53;-0.40;0.93;-0.45;10.55;-57.15;22.55;
359269;25.42;30.98;100719.01;23.50;33.53;-0.32;0.88;-0.33;-33.54;-75.01;39.47;
359385;25.42;30.97;100713.59;23.95;33.53;-0.48;1.11;-0.22;-55.71;-105.57;18.96;
359501;25.42;30.97;100714.71;23.86;33.53;-0.35;1.09;-0.13;-40.49;-149.33;18.44;
359618;25.42;30.97;100715.39;23.80;33.53;-0.24;0.78;-0.11;-66.11;-201.10;6.92;
359851;25.42;30.98;100718.67;23.53;33.53;-0.41;0.91;-0.19;53.91;-173.40;93.56;
359966;25.42;30.97;100719.11;23.49;33.53;-0.29;0.87;-0.20;-10.61;-75.13;96.15;
360082;25.42;30.98;100719.69;23.44;33.53;-0.27;0.87;-0.15;-44.18;-13.10;-23.28;
360199;25.42;30.98;100718.50;23.54;33.53;-0.30;0.84;-0.06;39.73;-32.14;-0.60;
360313;25.42;30.98;100721.21;23.31;33.53;-0.32;1.00;-0.02;-11.77;-72.47;27.18;
360429;25.42;30.98;100716.88;23.67;33.53;-0.07;0.90;0.33;-47.65;-50.38;96.21;
360545;25.42;30.98;100719.01;23.50;33.53;-0.12;0.92;-0.08;-76.92;-34.82;-7.95;
360660;34.21;30.98;100719.01;23.50;33.53;-0.24;1.10;0.19;46.87;10.63;-159.65;
360775;25.42;30.94;100711.49;24.13;33.53;-0.27;0.80;0.17;20.53;-112.34;-72.15;
360891;25.42;30.99;100719.66;23.44;33.53;-0.33;0.79;0.04;-53.77;-105.59;10.29;
361007;25.42;30.99;100720.00;23.42;33.53;-0.35;0.95;0.25;-72.70;-79.73;-10.75;
361122;25.42;30.99;100719.42;23.46;33.53;-0.33;0.90;0.19;43.08;-52.82;37.51;
361236;25.42;30.99;100721.96;23.38;33.53;-0.37;0.96;0.31;-170.87;49.08;-130.15;
361354;25.42;30.99;100720.67;23.36;33.53;-0.27;1.05;0.40;-86.81;-150.69;28.41;
361469;25.42;30.94;100714.02;23.92;33.53;-0.22;0.86;0.51;-128.63;-47.79;10.17;
361585;25.42;30.99;100720.17;23.40;33.53;-0.30;0.82;0.54;10.35;-63.82;85.21;
361699;25.42;30.98;100717.22;23.65;33.53;-0.37;1.06;0.52;-19.24;-25.54;14.32;
361814;25.42;30.98;100721.89;23.26;33.53;-0.32;0.83;0.46;-1.51;-54.78;-46.81;
361928;25.42;30.99;100723.14;23.15;33.53;-0.24;0.81;0.61;-46.52;-93.86;-74.89;
362045;25.42;30.99;100719.93;23.42;33.53;-0.16;0.75;0.58;1.19;-118.90;-90.02;
362160;25.42;30.94;100712.67;24.03;33.53;-0.26;0.57;0.64;2.56;-109.30;-108.63;
362275;25.42;30.99;100720.78;23.35;33.53;-0.20;0.70;0.71;-46.95;-145.82;-70.00;
362392;25.42;30.98;100719.69;23.44;33.53;-0.20;0.60;0.75;-19.74;-114.12;-111.05;
362510;25.42;30.99;100722.47;23.21;33.53;-0.18;0.82;0.70;28.81;-199.95;-85.05;
362626;25.42;30.99;100721.96;23.25;33.53;-0.06;0.88;1.16;-16.66;-191.54;-84.20;
362742;25.42;30.99;100722.30;23.22;33.53;0.24;0.64;1.01;60.41;-80.63;-297.25;
362858;25.42;31.00;100719.70;23.44;33.53;-0.12;0.43;0.79;-26.49;40.12;-262.14;
362974;25.42;31.00;100722.07;23.24;33.53;-0.11;0.47;0.65;47.25;-27.91;-126.29;
363089;25.42;31.00;100724.74;23.02;33.53;-0.23;0.52;0.81;-1.83;-118.93;-16.96;
363205;25.42;30.99;100722.47;23.26;33.53;-0.34;0.59;1.24;110.49;-115.88;128.60;
363322;25.42;30.99;100720.61;23.36;33.53;0.04;0.80;1.01;63.73;-11.21;7.71;
363433;25.42;30.99;100720.61;23.36;33.53;-0.26;0.39;0.65;-6.66;87.59;-69.62;
363548;25.42;31.00;100721.02;23.33;33.53;-0.16;0.58;0.45;-89.51;43.18;-8.12;
363662;62.07;31.00;100723.89;23.09;33.53;-0.16;0.78;0.85;-110.66;-9.07;-15.21;
363778;24.93;31.00;100723.05;23.47;33.53;-0.32;1.07;1.19;9.65;-155.74;-6.70;
363891;25.42;31.00;100721.35;23.30;33.53;-0.07;0.56;0.79;140.09;-59.56;-122.92;
364008;25.42;31.00;100721.69;23.27;33.53;-0.04;0.27;0.65;114.79;-3.18;-61.76;
364123;25.42;31.00;100719.50;23.46;33.53;-0.29;0.58;0.43;171.76;-60.29;131.51;
364238;25.42;31.01;100721.97;23.25;33.53;-0.27;0.92;0.69;-85.36;88.60;44.18;
364353;25.42;31.00;100716.47;23.71;33.53;-0.35;0.95;0.93;-61.07;54.82;125.65;
364468;25.42;31.00;100721.02;23.33;33.53;0.23;0.80;1.02;-33.82;68.17;-57.15;
364581;34.21;31.00;100717.80;23.60;33.53;-0.13;0.36;0.44;-65.89;83.31;-64.38;
364696;24.93;30.99;100717.39;23.63;33.53;-0.21;0.45;0.36;-41.57;-13.65;5.27;
364810;25.42;31.01;100722.64;23.19;33.53;-0.16;0.82;0.92;-14.40;-112.85;113.31;
364926;25.42;31.01;100722.64;23.19;33.53;-0.12;1.34;1.15;37.80;-111.40;-6.92;
365041;34.70;31.00;100720.35;23.39;33.53;0.01;0.70;0.87;71.53;-1.59;-172.60;
365155;24.93;31.01;100716.05;23.75;33.53;-0.02;0.33;0.44;69.13;8.31;-160.78;
365270;25.42;31.01;100719.60;23.45;33.53;-0.21;0.40;0.60;-79.98;-1.69;-28.96;
365384;25.42;31.02;100717.30;23.64;33.53;-0.22;0.75;1.16;-60.32;-67.05;238.40;
365500;25.42;31.01;100717.74;23.60;33.53;-0.08;0.64;1.23;-55.22;133.36;22.20;
365615;25.42;31.01;100715.88;23.76;33.53;-0.10;0.36;0.49;-42.99;137.59;-26.11;
365730;25.42;30.98;100712.14;24.07;33.53;-0.33;0.64;0.46;-83.16;90.26;126.00;
365845;25.42;31.02;100717.85;23.60;33.53;-0.31;1.21;0.76;-33.13;-31.66;126.60;
365962;33.73;31.01;100715.03;23.45;33.53;-0.03;1.07;1.31;92.37;2.05;-153.98;
366075;24.93;31.01;100716.21;23.73;33.53;-0.25;0.32;0.54;161.97;30.60;-187.19;
366191;24.93;31.02;100720.35;23.39;33.53;-0.28;0.35;0.49;-16.61;-5.69;-85.57;
366306;24.93;31.01;100718.25;23.56;33.53;-0.31;0.61;1.14;-55.36;29.33;-28.35;
366420;24.93;30.97;100712.41;24.05;33.53;-0.48;0.93;0.92;-52.27;-87.08;185.24;
366536;25.42;31.01;100715.10;23.83;33.53;-0.32;0.30;0.74;-29.37;36.56;72.14;
366650;24.93;31.01;100719.26;23.48;33.53;-0.32;0.38;0.61;-72.49;100.43;91.82;
366765;24.93;31.00;100719.83;23.43;33.53;-0.23;0.95;0.79;-105.30;36.72;84.60;
366880;24.93;31.01;100718.25;23.56;33.53;-0.43;1.18;0.89;-8.41;-76.27;81.69;
366994;24.93;31.01;100720.96;23.33;33.53;-0.12;0.83;1.48;34.72;-11.37;-54.47;
367109;24.93;30.98;100712.99;23.40;33.53;-0.12;0.47;0.64;182.63;-19.94;-140.35;
367225;24.93;31.01;100716.89;23.67;33.53;-0.41;0.62;0.65;76.61;46.43;-137.22;
367340;25.42;31.02;100715.27;23.81;33.53;-0.45;0.64;0.73;25.34;149.47;-49.62;
367455;24.93;31.02;100714.09;23.91;33.53;-0.53;0.64;0.79;-132.49;60.93;71.21;
367569;24.93;31.02;100716.63;23.70;33.53;-0.23;0.51;1.07;-124.70;108.47;135.13;
367687;24.93;31.01;100709.78;24.27;33.53;-0.52;0.48;0.55;-119.22;149.45;39.95;
